timestamp,phase_time,phase,ch1,ch2,ch3,ch4,ch5,ch6
1756458744.581391,3.8900158405303955,action,70839.56,20819.58,66386.55,76842.61,40426.26,40953.58
1756458744.5848255,3.8934502601623535,action,70744.88,20867.32,66452.54,76761.61,40410.97,40871.24
1756458744.5893435,3.897968292236328,action,70683.72,20730.53,66211.41,76757.05,40139.53,41678.58
1756458744.5927806,3.9014053344726562,action,70703.03,20624.58,66051.55,76792.72,40007.3,42147.7
1756458744.5973463,3.905971050262451,action,70767.68,20652.74,66120.75,76823.03,40102.25,41918.64
1756458744.6008244,3.9094491004943848,action,70833.93,20816.89,66392.19,76829.74,40396.75,41018.76
1756458744.6053097,3.9139344692230225,action,70729.59,20856.05,66462.73,76739.61,40368.59,40971.01
1756458744.6087267,3.917351484298706,action,70662.53,20703.44,66207.11,76732.1,40092.32,41770.58
1756458744.6132302,3.9218549728393555,action,70663.87,20575.76,66024.99,76751.15,39951.24,42218.78
1756458744.6166492,3.925273895263672,action,70728.78,20606.07,66081.86,76779.31,40046.99,41968.53
1756458744.6211224,3.9297471046447754,action,70804.69,20778.54,66352.76,76795.94,40357.59,41048.8
1756458744.6245341,3.9331588745117188,action,70715.91,20833.52,66427.32,76723.52,40355.45,40972.35
1756458744.6290097,3.9376344680786133,action,70658.24,20704.78,66197.19,76724.33,40091.52,41797.13
1756458744.6324174,3.941042184829712,action,70668.43,20586.49,66029.55,76753.83,39953.65,42261.69
1756458744.6369016,3.945526361465454,action,70732.0,20610.36,66090.71,76781.72,40051.55,42014.12
1756458744.6413872,3.950011968612671,action,70804.69,20782.56,66362.95,76794.06,40356.25,41105.66
1756458744.6448054,3.95343017578125,action,70712.69,20832.72,66429.74,76716.82,40346.6,41029.22
1756458744.6492846,3.957909345626831,action,70653.95,20693.51,66195.04,76721.64,40091.79,41836.83
1756458744.6526992,3.9613239765167236,action,70672.46,20585.96,66034.92,76763.22,39971.35,42295.22
1756458744.6571755,3.9658002853393555,action,70744.34,20625.65,66103.31,76795.14,40072.47,42047.38
1756458744.6605918,3.9692165851593018,action,70815.42,20792.49,66373.41,76804.52,40374.76,41133.29
1756458744.6650693,3.973694086074829,action,70721.54,20838.35,66439.13,76727.81,40367.25,41047.72
1756458744.6684844,3.97710919380188,action,70664.95,20704.78,66199.34,76732.1,40110.29,41847.29
1756458744.6729593,3.981584072113037,action,70669.77,20582.74,66030.89,76760.54,39980.47,42296.83
1756458744.6763737,3.9849984645843506,action,70740.85,20619.75,66100.09,76791.38,40078.64,42051.41
1756458744.6808586,3.98948335647583,action,70809.52,20786.05,66375.29,76798.89,40377.17,41148.58
1756458744.6853402,3.993964910507202,action,70714.03,20830.57,66443.15,76718.16,40357.86,41087.96
1756458744.6887548,3.9973795413970947,action,70657.97,20688.95,66189.68,76722.98,40097.95,41871.97
1756458744.6932313,4.001856088638306,action,70670.31,20573.89,66021.24,76761.61,39985.03,42305.14
1756458744.6966963,4.005321025848389,action,70745.68,20620.02,66092.32,76795.94,40089.64,42048.46
1756458744.7012224,4.009847164154053,action,70821.86,20796.78,66367.78,76812.03,40396.48,41130.07
1756458744.7046368,4.013261556625366,action,70734.95,20851.49,66438.59,76741.49,40389.24,41049.07
1756458744.7091117,4.017736434936523,action,70682.65,20722.48,66201.75,76751.15,40139.53,41839.51
1756458744.7125611,4.021185874938965,action,70697.67,20613.05,66041.35,76787.89,40020.97,42283.95
1756458744.7170105,4.025635242462158,action,70772.5,20658.91,66118.6,76820.62,40119.68,42043.63
1756458744.7204192,4.029043912887573,action,70844.39,20825.48,66392.72,76830.81,40418.21,41138.11
1756458744.7248983,4.033523082733154,action,70755.61,20874.56,66457.36,76757.85,40408.82,41053.63
1756458744.729375,4.037999629974365,action,70699.28,20741.26,66215.43,76762.41,40149.72,41844.88
1756458744.7327867,4.041411399841309,action,70711.35,20626.46,66051.81,76798.89,40026.34,42292.81
1756458744.7372606,4.045885324478149,action,70781.62,20663.47,66123.97,76830.81,40126.92,42042.82
1756458744.740672,4.049296855926514,action,70847.34,20825.48,66394.6,76835.91,40424.65,41129.26
1756458744.745149,4.053773641586304,action,70758.82,20879.12,66462.19,76760.0,40409.63,41058.99
1756458744.7485645,4.057189226150513,action,70706.52,20745.28,66221.87,76768.58,40150.79,41855.07
1756458744.753042,4.06166672706604,action,70713.49,20626.46,66053.69,76801.3,40027.14,42296.83
1756458744.7564585,4.065083265304565,action,70780.55,20663.2,66123.97,76826.79,40119.41,42053.28
1756458744.7609346,4.069559335708618,action,70847.34,20824.94,66394.87,76835.64,40418.48,41141.07
1756458744.7654126,4.074037313461304,action,70760.16,20876.44,66458.17,76764.29,40409.09,41053.63
1756458744.7688248,4.077449560165405,action,70705.18,20745.01,66219.72,76767.78,40151.87,41846.75
1756458744.773303,4.08192777633667,action,70719.4,20635.04,66057.72,76804.26,40029.29,42294.95
1756458744.7767186,4.085343360900879,action,70787.79,20667.23,66125.84,76836.44,40129.87,42035.58
1756458744.7812061,4.0898308753967285,action,70855.65,20830.3,66397.82,76845.02,40432.69,41119.07
1756458744.7846217,4.0932464599609375,action,70761.77,20880.73,66464.61,76768.05,40417.67,41052.55
1756458744.7891002,4.097724914550781,action,70706.52,20746.62,66221.87,76771.26,40155.09,41845.15
1756458744.792516,4.101140737533569,action,70725.56,20639.87,66056.91,76807.47,40032.24,42283.95
1756458744.7970617,4.10568642616272,action,70793.69,20674.74,66124.5,76838.32,40133.09,42021.37
1756458744.801586,4.110210657119751,action,70860.48,20843.45,66399.7,76847.44,40433.77,41110.22
1756458744.8050117,4.113636493682861,action,70760.97,20887.17,66464.34,76764.29,40410.43,41048.8
1756458744.8094914,4.118116140365601,action,70697.13,20739.11,66221.06,76759.19,40138.99,41854.26
1756458744.8129268,4.121551513671875,action,70705.18,20620.29,66057.18,76787.36,40004.88,42316.14
1756458744.8174098,4.126034498214722,action,70777.87,20658.64,66126.11,76817.93,40099.3,42072.6
1756458744.8208232,4.129447937011719,action,70855.92,20830.84,66397.28,76831.35,40401.04,41156.35
1756458744.8252954,4.133920192718506,action,70765.8,20879.12,66459.51,76760.54,40395.68,41072.94
1756458744.8287082,4.137332916259766,action,70718.05,20749.3,66218.11,76778.24,40160.18,41844.88
1756458744.8331811,4.14180588722229,action,70737.63,20646.04,66065.23,76825.44,40058.26,42281.0
1756458744.8365884,4.1452131271362305,action,70807.64,20694.05,66145.69,76857.36,40157.23,42044.43
1756458744.8410656,4.149690389633179,action,70872.55,20855.52,66417.67,76862.19,40449.59,41142.67
1756458744.8455403,4.154165029525757,action,70773.58,20896.29,66477.75,76781.19,40425.72,41080.18
1756458744.8489525,4.157577276229858,action,70712.96,20753.06,66229.38,76783.07,40157.5,41873.58
1756458744.8534317,4.1620564460754395,action,70731.47,20642.01,66058.52,76823.57,40039.21,42297.37
1756458744.856847,4.165471792221069,action,70803.35,20680.91,66129.06,76857.63,40150.79,42025.66
1756458744.8613286,4.169953346252441,action,70869.33,20849.62,66406.13,76865.14,40454.42,41114.51
1756458744.864744,4.173368692398071,action,70773.84,20894.68,66469.7,76786.02,40435.38,41052.28
1756458744.8692229,4.177847623825073,action,70717.52,20756.01,66226.16,76788.7,40173.06,41845.95
1756458744.872642,4.181266784667969,action,70721.0,20631.02,66054.5,76816.59,40046.46,42277.25
1756458744.877125,4.185749769210815,action,70791.81,20672.59,66121.55,76846.1,40144.89,42012.25
1756458744.881612,4.190236806869507,action,70856.72,20836.21,66396.21,76851.73,40440.74,41101.91
1756458744.885023,4.193647861480713,action,70762.58,20878.05,66451.46,76774.48,40423.04,41023.32
1756458744.8895059,4.1981306076049805,action,70713.23,20749.3,66209.26,76783.6,40169.3,41804.64
1756458744.892922,4.201546669006348,action,70733.61,20643.62,66034.65,76827.59,40058.53,42200.0
1756458744.897453,4.206077814102173,action,70807.91,20688.15,66105.73,76867.29,40182.98,41903.08
1756458744.9009063,4.20953106880188,action,70877.65,20863.3,66388.16,76877.75,40489.56,40983.89
1756458744.9054024,4.214027166366577,action,70778.94,20907.28,66457.1,76793.79,40467.83,40924.34
1756458744.9088182,4.217442989349365,action,70721.27,20772.37,66221.6,76792.99,40194.25,41736.78
1756458744.9133213,4.2219460010528564,action,70740.32,20662.13,66060.67,76828.93,40065.23,42181.49
1756458744.916733,4.2253577709198,action,70812.74,20699.95,66130.4,76864.34,40167.69,41918.1
1756458744.9212127,4.229837417602539,action,70887.84,20872.15,66406.4,76879.36,40473.2,40997.84
1756458744.9256907,4.234315395355225,action,70793.16,20919.35,66472.65,76801.04,40455.49,40935.34
1756458744.929139,4.2377636432647705,action,70730.12,20773.44,66228.84,76798.89,40187.0,41731.69
1756458744.9336174,4.242242097854614,action,70752.12,20669.37,66069.25,76840.46,40065.77,42169.16
1756458744.937009,4.245633840560913,action,70822.12,20705.85,66140.06,76873.99,40171.45,41905.5
1756458744.9414968,4.250121593475342,action,70885.42,20870.54,66417.4,76879.89,40469.98,41000.79
1756458744.944927,4.253551721572876,action,70790.21,20915.33,66484.19,76800.23,40447.18,40953.85
1756458744.9494138,4.258038520812988,action,70749.44,20790.88,66248.15,76818.47,40193.98,41757.97
1756458744.9528322,4.2614569664001465,action,70771.7,20688.42,66089.63,76861.12,40080.25,42194.64
1756458744.9573107,4.26593542098999,action,70831.24,20716.31,66160.98,76883.11,40177.08,41943.31
1756458744.9607308,4.269355535507202,action,70899.91,20878.85,66430.01,76890.62,40471.85,41028.14
1756458744.9652095,4.273834228515625,action,70802.54,20923.38,66495.45,76808.28,40451.74,40974.23
1756458744.9696906,4.278315305709839,action,70737.63,20778.54,66251.37,76805.33,40179.49,41787.75
1756458744.973102,4.281726837158203,action,70732.54,20647.38,66078.64,76823.57,40036.26,42235.94
1756458744.9775836,4.286208391189575,action,70798.79,20680.91,66144.89,76847.44,40125.58,41988.11
1756458744.9810112,4.289635896682739,action,70869.6,20848.54,66418.2,76857.09,40420.62,41089.03
1756458744.9854925,4.294117212295532,action,70772.23,20885.83,66475.34,76780.38,40405.07,41028.68
1756458744.988906,4.297530651092529,action,70713.49,20747.69,66229.11,76781.19,40144.09,41825.83
1756458744.9933877,4.3020124435424805,action,70736.29,20644.16,66064.96,76821.69,40026.07,42258.21
1756458744.996858,4.305482625961304,action,70802.01,20677.96,66136.3,76852.8,40133.63,41997.49
1756458745.0013967,4.31002140045166,action,70865.58,20845.59,66410.69,76859.51,40433.77,41093.05
1756458745.004826,4.313450813293457,action,70771.43,20891.73,66471.04,76780.38,40410.97,41037.26
1756458745.0093045,4.317929267883301,action,70718.05,20751.18,66222.14,76786.28,40153.21,41820.74
1756458745.0138006,4.322425365447998,action,70733.07,20638.53,66059.06,76822.23,40038.41,42245.06
1756458745.0172107,4.325835466384888,action,70804.42,20682.51,66131.74,76857.9,40148.11,41977.38
1756458745.0216873,4.330312013626099,action,70876.84,20856.86,66405.06,76871.85,40454.15,41055.23
1756458745.0250957,4.333720445632935,action,70790.47,20913.45,66471.31,76799.43,40442.08,40992.2
1756458745.0295742,4.338198900222778,action,70728.78,20769.95,66224.28,76797.28,40179.49,41779.7
1756458745.0329864,4.34161114692688,action,70734.15,20647.91,66062.01,76826.79,40055.58,42215.56
1756458745.0374694,4.346094131469727,action,70804.69,20689.49,66136.57,76855.22,40152.94,41957.8
1756458745.0408845,4.349509239196777,action,70873.89,20857.66,66410.43,76865.68,40451.47,41047.99
1756458745.0453684,4.35399317741394,action,70777.87,20901.38,66469.43,76787.09,40428.67,40987.64
1756458745.0487845,4.357409238815308,action,70713.23,20757.08,66220.26,76781.99,40157.77,41782.92
1756458745.0532687,4.36189341545105,action,70721.0,20635.04,66054.77,76811.5,40030.36,42222.53
1756458745.05775,4.366374731063843,action,70797.98,20679.56,66129.06,76849.05,40138.99,41956.73
1756458745.0611618,4.369786500930786,action,70871.48,20852.84,66407.48,76860.85,40440.74,41054.16
1756458745.0656443,4.374269008636475,action,70777.06,20894.14,66463.8,76785.48,40423.04,40990.59
1756458745.0690908,4.377715587615967,action,70719.93,20756.81,66218.65,76787.09,40162.33,41780.77
1756458745.0736022,4.382226943969727,action,70734.15,20647.91,66055.84,76820.88,40040.29,42212.07
1756458745.0770214,4.385646104812622,action,70806.57,20688.68,66129.33,76856.56,40145.97,41942.78
1756458745.0815115,4.390136241912842,action,70871.74,20855.79,66408.28,76863.26,40444.76,41038.87
1756458745.0849247,4.39354944229126,action,70774.92,20896.56,66471.85,76784.94,40421.16,40995.69
1756458745.0894039,4.398028612136841,action,70715.37,20753.86,66223.48,76779.31,40148.38,41798.21
1756458745.0928202,4.401444911956787,action,70740.32,20647.11,66059.59,76826.52,40040.82,42224.68
1756458745.097373,4.4059977531433105,action,70819.98,20697.54,66139.52,76867.82,40157.5,41954.85
1756458745.1019042,4.410528898239136,action,70889.18,20874.29,66420.89,76875.87,40457.91,41052.55
1756458745.1053267,4.413951396942139,action,70788.33,20915.06,66486.06,76795.4,40431.62,41016.07
1756458745.1098077,4.4184324741363525,action,70724.49,20766.47,66235.28,76793.79,40162.86,41815.1
1756458745.1132398,4.4218645095825195,action,70728.78,20642.55,66068.44,76819.54,40032.24,42253.65
1756458745.1177173,4.426342010498047,action,70802.01,20685.47,66142.74,76850.39,40131.48,42000.98
1756458745.121134,4.429758787155151,action,70872.28,20855.79,66420.62,76856.83,40425.72,41111.02
1756458745.1256118,4.434236526489258,action,70775.19,20892.8,66473.99,76780.92,40404.26,41058.72
1756458745.1290169,4.437641620635986,action,70719.93,20751.72,66224.55,76789.23,40150.26,41838.71
1756458745.1335046,4.442129373550415,action,70735.49,20642.28,66061.74,76827.32,40038.95,42262.5
1756458745.136919,4.4455437660217285,action,70810.86,20689.49,66141.4,76861.12,40148.38,42002.86
1756458745.1414025,4.450027227401733,action,70878.45,20858.47,66419.01,76866.48,40444.76,41098.95
1756458745.1458843,4.454509019851685,action,70778.4,20900.58,66483.38,76783.87,40412.58,41072.4
1756458745.1492977,4.457922458648682,action,70723.69,20759.76,66233.4,76785.48,40144.89,41868.75
1756458745.15378,4.462404727935791,action,70742.46,20652.47,66066.84,76822.23,40027.14,42296.56
1756458745.1571963,4.465821027755737,action,70809.25,20687.07,66139.52,76852.8,40133.63,42028.61
1756458745.1616807,4.470305442810059,action,70878.45,20852.57,66410.96,76865.14,40435.64,41107.0
1756458745.1650927,4.473717451095581,action,70788.6,20904.33,66470.78,76793.79,40425.18,41045.31
1756458745.1695747,4.478199481964111,action,70736.29,20772.91,66232.06,76801.84,40173.86,41840.05
1756458745.1729915,4.481616258621216,action,70755.61,20668.03,66076.49,76837.78,40057.45,42275.91
1756458745.1774797,4.486104488372803,action,70819.44,20701.29,66150.25,76864.34,40156.43,42014.12
1756458745.1819668,4.490591526031494,action,70892.67,20872.42,66422.5,76876.67,40456.03,41093.86
1756458745.185384,4.494008779525757,action,70797.72,20914.79,66478.02,76802.11,40440.2,41028.14
1756458745.1898668,4.498491525650024,action,70727.44,20768.61,66229.91,76792.72,40167.42,41820.47
1756458745.1932828,4.501907587051392,action,70733.61,20649.52,66065.23,76819.01,40034.92,42257.94
1756458745.197824,4.506448745727539,action,70805.23,20690.29,66142.74,76850.66,40137.65,42000.45
1756458745.2012546,4.5098793506622314,action,70875.23,20856.86,66418.47,76859.51,40433.5,41094.39
1756458745.2057543,4.514379024505615,action,70784.57,20902.72,66473.73,76787.36,40412.58,41037.26
1756458745.2091649,4.517789602279663,action,70731.47,20766.47,66224.55,76793.79,40156.16,41817.79
1756458745.2136598,4.522284507751465,action,70737.63,20650.33,66061.74,76824.64,40040.82,42243.19
1756458745.2170727,4.525697469711304,action,70807.1,20691.37,66136.84,76854.41,40144.09,41982.74
1756458745.221546,4.530170679092407,action,70878.99,20861.95,66416.06,76864.34,40441.28,41079.64
1756458745.2260163,4.5346410274505615,action,70787.52,20910.5,66480.7,76787.36,40417.14,41049.33
1756458745.2294352,4.538059949874878,action,70738.71,20773.71,66236.08,76800.5,40162.33,41838.17
1756458745.233914,4.542538642883301,action,70749.44,20655.96,66073.0,76837.25,40050.21,42258.47
1756458745.2373295,4.54595422744751,action,70820.25,20700.49,66144.08,76866.21,40152.4,41987.03
1756458745.2418115,4.55043625831604,action,70893.2,20876.44,66422.5,76877.48,40456.03,41077.5
1756458745.2452226,4.553847312927246,action,70800.4,20919.62,66481.24,76803.18,40437.52,41027.34
1756458745.2497067,4.558331489562988,action,70747.29,20781.76,66238.76,76811.5,40181.91,41818.06
1756458745.2531238,4.561748504638672,action,70760.43,20668.84,66077.03,76848.24,40068.99,42238.36
1756458745.2576067,4.5662314891815186,action,70833.39,20714.97,66155.62,76880.16,40174.93,41970.94
1756458745.2610173,4.569642066955566,action,70903.39,20887.44,66434.03,76887.14,40472.12,41062.48
1756458745.2654982,4.574122905731201,action,70804.69,20927.67,66491.43,76808.01,40442.62,41021.44
1756458745.2699804,4.5786051750183105,action,70750.78,20788.73,66247.35,76816.32,40181.1,41820.47
1756458745.273398,4.582022666931152,action,70758.02,20673.93,66082.66,76838.59,40048.07,42255.52
1756458745.2778807,4.58650541305542,action,70815.42,20696.73,66146.77,76857.9,40138.72,41988.38
1756458745.2812972,4.589921951293945,action,70878.99,20860.88,66417.13,76866.21,40435.38,41076.69
1756458745.285783,4.594407796859741,action,70789.13,20905.94,66474.53,76792.45,40416.6,41030.29
1756458745.2891984,4.597823143005371,action,70738.98,20770.76,66233.94,76800.5,40161.79,41829.05
1756458745.2936785,4.6023032665252686,action,70750.51,20655.69,66071.93,76833.49,40046.19,42256.86
1756458745.297133,4.605757713317871,action,70824.0,20699.95,66146.77,76868.36,40155.35,41987.03
1756458745.3016455,4.610270261764526,action,70891.86,20872.42,66424.64,76876.41,40456.03,41083.13
1756458745.3050692,4.613693952560425,action,70792.89,20914.79,66489.55,76794.6,40420.62,41061.94
1756458745.3095474,4.6181721687316895,action,70739.51,20777.47,66246.28,76801.84,40154.55,41871.97
1756458745.314039,4.622663736343384,action,70759.09,20672.32,66085.88,76839.66,40037.6,42307.56
1756458745.3174565,4.626081228256226,action,70832.58,20709.61,66159.1,76873.19,40148.65,42038.53
1756458745.3219278,4.630552530288696,action,70904.74,20882.07,66435.1,76884.99,40451.74,41126.05
1756458745.3253388,4.633963584899902,action,70803.62,20915.6,66485.8,76803.99,40427.87,41073.74
1756458745.3298242,4.63844895362854,action,70743.27,20773.17,66240.11,76804.79,40164.2,41876.26
1756458745.333237,4.6418616771698,action,70766.87,20672.59,66080.25,76841.0,40045.92,42303.53
1756458745.3377144,4.646339178085327,action,70833.39,20710.14,66156.96,76870.24,40154.82,42036.39
1756458745.3411336,4.649758338928223,action,70898.84,20876.17,66430.81,76876.94,40451.2,41131.41
1756458745.345616,4.654240846633911,action,70805.76,20918.82,66487.14,76801.57,40428.4,41084.74
1756458745.3500948,4.658719539642334,action,70755.07,20781.76,66242.79,76813.91,40177.88,41874.38
1756458745.353508,4.662132740020752,action,70785.91,20686.0,66081.32,76861.65,40075.96,42277.79
1756458745.3579917,4.666616439819336,action,70856.19,20727.84,66155.35,76898.94,40200.95,41974.16
1756458745.3614087,4.6700334548950195,action,70924.58,20902.72,66438.05,76907.52,40504.31,41057.11
1756458745.3658895,4.674514293670654,action,70834.73,20949.66,66494.65,76834.03,40482.85,40999.71
1756458745.3693013,4.677926063537598,action,70775.72,20810.99,66248.96,76838.05,40224.82,41787.75
1756458745.373785,4.682409763336182,action,70776.79,20691.9,66086.42,76856.29,40089.91,42220.92
1756458745.377202,4.685826778411865,action,70842.24,20720.87,66158.84,76882.04,40185.13,41950.29
1756458745.3816884,4.690313100814819,action,70912.51,20891.46,66439.93,76893.57,40484.73,41046.92
1756458745.3861737,4.694798469543457,action,70811.93,20926.33,66490.09,76813.91,40455.49,41003.2
1756458745.3895905,4.6982152462005615,action,70751.58,20783.37,66237.42,76811.23,40185.13,41788.28
1756458745.3940716,4.702696323394775,action,70760.97,20665.35,66075.15,76841.54,40063.09,42211.54
1756458745.3975303,4.706155061721802,action,70837.41,20713.63,66157.76,76876.41,40172.25,41946.0
1756458745.402048,4.710672855377197,action,70903.13,20883.68,66434.83,76885.26,40469.17,41040.48
1756458745.405469,4.7140936851501465,action,70812.47,20926.06,66482.31,76814.72,40449.06,40979.86
1756458745.4099426,4.718567371368408,action,70761.24,20789.8,66235.28,76824.64,40199.88,41756.63
1756458745.413369,4.721993684768677,action,70772.5,20679.3,66081.32,76855.49,40085.08,42184.44
1756458745.4178467,4.726471424102783,action,70843.58,20725.7,66159.64,76882.84,40182.98,41919.17
1756458745.4212584,4.729883193969727,action,70909.03,20889.85,66432.69,76889.82,40478.83,41004.27
1756458745.4257343,4.7343590259552,action,70818.1,20933.57,66489.82,76817.93,40458.17,40961.63
1756458745.4302158,4.738840579986572,action,70771.43,20806.97,66249.76,76825.98,40200.41,41764.14
1756458745.43363,4.742254734039307,action,70778.94,20690.56,66090.71,76855.49,40077.03,42203.22
1756458745.4381068,4.746731519699097,action,70843.58,20726.23,66165.27,76878.28,40171.72,41938.49
1756458745.4415226,4.750147342681885,action,70907.69,20889.58,66442.61,76883.11,40465.42,41040.21
1756458745.4460032,4.75462794303894,action,70813.81,20933.03,66503.23,76805.86,40431.08,41028.68
1756458745.4494152,4.758039951324463,action,70765.8,20795.97,66254.59,76816.06,40172.25,41827.17
1756458745.453898,4.7625226974487305,action,70780.55,20683.05,66092.32,76853.61,40064.16,42245.6
1756458745.457313,4.765937805175781,action,70857.8,20730.26,66167.69,76889.01,40179.49,41963.43
1756458745.4617927,4.7704174518585205,action,70927.0,20901.65,66444.22,76900.55,40488.48,41047.99
1756458745.4662683,4.774893045425415,action,70833.12,20947.25,66501.62,76826.52,40463.27,41013.66
1756458745.4696853,4.778310060501099,action,70773.84,20804.82,66252.71,76826.52,40195.85,41807.86
1756458745.4741635,4.782788276672363,action,70786.72,20692.71,66090.71,76858.17,40075.42,42229.77
1756458745.4775794,4.786204099655151,action,70861.82,20735.62,66167.42,76893.84,40189.69,41945.46
1756458745.4820623,4.790687084197998,action,70929.95,20905.41,66443.42,76905.37,40494.65,41024.66
1756458745.4854844,4.794109106063843,action,70831.78,20945.64,66498.4,76828.13,40469.17,40987.11
1756458745.489968,4.798592805862427,action,70786.18,20817.7,66258.88,76838.05,40211.41,41789.62
1756458745.493381,4.802005767822266,action,70808.71,20714.97,66099.29,76878.55,40100.64,42203.22
1756458745.4979274,4.806552171707153,action,70878.45,20758.42,66176.27,76910.74,40212.48,41915.15
1756458745.5013478,4.809972524642944,action,70946.58,20932.5,66455.49,76919.05,40509.14,41005.35
1756458745.5059013,4.814526081085205,action,70848.95,20971.12,66512.89,76843.42,40482.85,40971.82
1756458745.5093236,4.817948341369629,action,70782.43,20820.92,66271.49,76837.51,40210.07,41789.09
1756458745.513823,4.822447776794434,action,70803.88,20714.17,66108.41,76870.51,40085.08,42216.36
1756458745.5182989,4.826923608779907,action,70871.74,20751.98,66182.44,76904.03,40193.98,41935.54
1756458745.526164,4.834788799285889,action,70850.02,20965.22,66508.33,76841.0,40471.59,40983.08
1756458745.529584,4.8382086753845215,action,70800.13,20830.04,66266.12,76849.58,40220.53,41771.92
1756458745.5340714,4.842696189880371,action,70845.19,20743.94,66114.31,76915.03,40136.04,42167.82
1756458745.5374665,4.846091270446777,action,70931.02,20804.29,66202.29,76964.11,40277.39,41859.63
1756458745.54195,4.850574731826782,action,70994.59,20978.9,66485.53,76967.6,40577.27,40946.34
1756458745.5453653,4.853990077972412,action,70892.4,21010.55,66535.15,76887.14,40544.54,40902.08
1756458745.5498476,4.8584723472595215,action,70841.17,20875.63,66293.75,76894.11,40285.98,41689.04
1756458745.5622106,4.870835304260254,action,70986.28,20973.0,66494.38,76957.41,40553.93,40934.8
1756458745.5656357,4.874260425567627,action,70892.4,21011.35,66543.2,76882.84,40525.77,40897.25
1756458745.5701175,4.878742218017578,action,70841.17,20874.83,66297.51,76891.16,40267.74,41686.36
1756458745.573534,4.8821587562561035,action,70843.58,20754.67,66137.38,76917.44,40142.75,42109.61
1756458745.5780096,4.886634349822998,action,70911.17,20792.22,66211.94,76942.93,40243.06,41832.0
1756458745.581425,4.890049695968628,action,70973.94,20960.93,66492.77,76943.46,40533.01,40941.24
1756458745.5859053,4.8945300579071045,action,70882.47,21001.43,66548.56,76867.29,40497.34,40928.9
1756458745.5903869,4.899011611938477,action,70827.76,20857.13,66302.33,76874.8,40235.55,41729.81
1756458745.5983195,4.906944274902344,action,70914.39,20790.61,66221.6,76941.32,40229.92,41876.8
1756458745.6018276,4.910452365875244,action,70983.59,20961.73,66495.72,76950.17,40528.18,40963.5
1756458745.6142364,4.922861099243164,action,70844.92,20745.01,66134.7,76905.37,40123.97,42142.33
1756458745.6176496,4.926274299621582,action,70918.15,20789.27,66212.21,76940.24,40241.45,41853.46
1756458745.6221275,4.930752277374268,action,70980.37,20955.03,66490.09,76947.49,40537.84,40940.7
1756458745.6255393,4.934164047241211,action,70889.72,20991.77,66531.93,76877.75,40518.52,40879.55
1756458745.6300182,4.938642978668213,action,70839.56,20858.2,66283.56,76888.48,40276.05,41646.66
1756458745.6334333,4.942058086395264,action,70852.16,20756.28,66129.6,76920.39,40164.2,42061.06
1756458745.6379106,4.946535348892212,action,70923.51,20800.8,66213.28,76948.56,40265.59,41787.21
1756458745.642393,4.9510178565979,action,70992.98,20971.12,66489.82,76956.34,40557.95,40869.09
1756458745.6502678,4.958892583847046,action,70847.34,20873.76,66290.0,76893.04,40282.22,41612.06
1756458745.6536832,4.962307929992676,action,70866.65,20778.81,66140.33,76931.39,40169.57,42029.68
1756458745.6581607,4.966785430908203,action,70937.19,20817.7,66219.45,76964.11,40277.93,41739.47
1756458745.6615767,4.97020149230957,action,71008.27,20987.21,66497.06,76976.45,40581.29,40814.1
1756458745.6660683,4.974693059921265,action,70913.32,21028.52,66546.15,76901.08,40555.54,40772.53
1756458745.669486,4.9781107902526855,action,70853.24,20885.02,66300.72,76901.89,40295.63,41565.66
1756458745.6739705,4.982595205307007,action,70866.92,20775.86,66144.89,76932.2,40174.4,41983.55
1756458745.6784525,4.987077236175537,action,70941.21,20819.58,66223.21,76964.65,40280.88,41697.09
1756458745.6942136,5.002838373184204,action,70854.31,20764.05,66137.38,76910.47,40136.58,41984.62
1756458745.6977165,5.006341218948364,action,70924.05,20801.34,66213.28,76939.17,40242.79,41701.92
1756458745.7022421,5.01086688041687,action,70988.96,20967.9,66488.75,76944.8,40538.91,40792.11
1756458745.7056828,5.014307498931885,action,70895.62,21006.53,66538.37,76871.04,40511.01,40767.7
1756458745.7101576,5.018782377243042,action,70848.14,20868.93,66294.55,76886.06,40262.37,41559.76
1756458745.7136004,5.0222251415252686,action,70858.6,20757.62,66139.52,76919.05,40149.72,41976.31
1756458745.7180746,5.0266993045806885,action,70933.44,20805.9,66217.31,76949.36,40255.94,41688.77
1756458745.7225559,5.0311806201934814,action,71002.37,20979.17,66495.72,76959.02,40559.29,40773.07
1756458745.7304275,5.039052248001099,action,70838.49,20861.42,66296.43,76878.28,40255.4,41551.18
1756458745.7383075,5.046932220458984,action,70926.73,20792.75,66208.99,76940.24,40242.79,41669.73
1756458745.741725,5.050349712371826,action,70992.98,20966.56,66488.75,76949.63,40546.42,40759.39
1756458745.746201,5.054825782775879,action,70892.13,21003.84,66539.44,76868.63,40510.75,40749.19
1756458745.749619,5.058243751525879,action,70835.53,20856.86,66289.46,76874.53,40247.62,41550.37
1756458745.7540972,5.0627219676971436,action,70846.8,20742.6,66133.35,76904.57,40132.02,41968.8
1756458745.758576,5.067200660705566,action,70918.42,20786.05,66209.26,76931.66,40233.41,41685.29
1756458745.7664597,5.075084447860718,action,70886.23,20989.9,66526.03,76859.24,40495.46,40749.19
1756458745.7743354,5.08296012878418,action,70842.51,20736.43,66118.6,76899.21,40131.21,41937.95
1756458745.7777493,5.086374044418335,action,70921.63,20789.8,66200.14,76936.76,40247.62,41639.69
1756458745.782227,5.090851783752441,action,70987.62,20962.27,66482.31,76945.88,40552.05,40730.69
1756458745.78565,5.0942747592926025,action,70898.57,21006.53,66536.49,76873.19,40520.4,40712.98
1756458745.7901278,5.098752498626709,action,70854.58,20879.66,66299.65,76886.33,40269.62,41514.43
1756458745.7946105,5.103235244750977,action,70868.79,20777.47,66159.37,76915.3,40148.11,41970.67
1756458745.8025565,5.111181259155273,action,71004.25,20980.78,66509.94,76948.02,40534.35,40810.08
1756458745.8104434,5.119068145751953,action,70852.43,20870.81,66305.28,76879.09,40243.6,41593.02
1756458745.818326,5.126950740814209,action,70947.38,20813.67,66237.42,76955.0,40257.01,41723.37
1756458745.8217397,5.130364418029785,action,71014.17,20985.07,66511.55,76964.38,40557.95,40806.59
1756458745.8262138,5.134838581085205,action,70915.73,21022.08,66557.41,76887.67,40528.18,40784.6
1756458745.830702,5.139326810836792,action,70857.53,20877.51,66303.67,76889.01,40265.06,41569.95
1756458745.838579,5.147203683853149,action,70944.7,20810.72,66221.33,76952.58,40266.13,41671.61
1756458745.8464487,5.155073404312134,action,70909.56,21018.86,66556.87,76881.23,40528.18,40761.8
1756458745.85432,5.162944793701172,action,70874.16,20773.98,66158.84,76923.35,40155.09,41979.26
1756458745.8577356,5.166360378265381,action,70951.67,20822.79,66243.06,76956.34,40264.52,41701.11
1756458745.8622105,5.170835256576538,action,71022.22,20992.58,66519.59,76966.8,40566.27,40789.96
1756458745.8666964,5.175321102142334,action,70922.71,21025.84,66563.85,76887.14,40532.2,40774.41
1756458745.8745697,5.183194398880005,action,70869.6,20769.69,66154.81,76914.49,40143.02,41990.25
1756458745.882439,5.191063642501831,action,70997.54,20969.24,66506.99,76941.58,40537.3,40805.79
1756458745.8903165,5.198941230773926,action,70833.39,20848.28,66298.04,76860.31,40224.55,41610.18
1756458745.8937333,5.20235800743103,action,70847.6,20736.16,66133.35,76888.74,40105.73,42021.63
1756458745.8982692,5.2068939208984375,action,70921.1,20780.68,66210.6,76925.49,40224.29,41722.57
1756458745.90278,5.211404800415039,action,70987.35,20956.9,66497.6,76933.27,40526.03,40822.96
1756458745.910681,5.219305753707886,action,70836.07,20850.42,66293.75,76864.34,40229.92,41620.64
1756458745.9185543,5.227179050445557,action,70929.41,20790.07,66217.31,76935.95,40239.57,41736.52
1756458745.926622,5.235246658325195,action,70902.59,21001.97,66536.22,76871.31,40519.6,40790.77
1756458745.934577,5.243201732635498,action,70856.72,20747.69,66133.35,76901.89,40136.04,42006.61
1756458745.942452,5.251076698303223,action,70998.35,20972.46,66503.5,76941.85,40541.32,40833.68
1756458745.9503288,5.25895357131958,action,70861.28,20871.34,66294.02,76884.45,40257.55,41602.67
1756458745.9548116,5.263436317443848,action,70877.11,20764.05,66145.16,76921.74,40155.62,42011.17
1756458745.9626863,5.271311044692993,action,71011.22,20987.48,66511.55,76958.75,40559.29,40828.59
1756458745.9705632,5.279187917709351,action,70865.04,20882.07,66311.72,76884.99,40258.89,41626.01
1756458745.9784365,5.2870612144470215,action,70949.53,20813.41,66235.55,76950.17,40256.74,41750.2
1756458745.9863162,5.294940948486328,action,70917.34,21022.08,66560.09,76879.63,40515.57,40844.41
1756458745.9907992,5.299423933029175,action,70872.82,20882.07,66315.48,76891.96,40263.71,41648.81
1756458745.9987037,5.307328462600708,action,70962.94,20824.4,66239.3,76959.82,40266.4,41757.44
1756458746.0066092,5.315233945846558,action,70929.14,21036.3,66570.02,76890.35,40533.81,40836.9
1756458746.0144913,5.323116064071655,action,70877.65,20767.27,66155.88,76913.15,40138.99,42051.14
1756458746.022352,5.330976724624634,action,71010.68,20988.02,66519.86,76952.85,40552.59,40850.85
1756458746.02691,5.3355348110198975,action,70907.69,21015.65,66560.09,76870.24,40505.38,40853.53
1756458746.0347967,5.343421459197998,action,70865.84,20753.33,66150.79,76905.11,40129.07,42056.5
1756458746.0426722,5.351296901702881,action,71001.83,20974.61,66514.76,76939.17,40535.15,40867.75
1756458746.0505366,5.359161376953125,action,70856.72,20867.05,66307.7,76877.75,40246.82,41657.12
1756458746.0629015,5.37152624130249,action,71010.68,20989.09,66526.3,76946.14,40539.18,40893.23
1756458746.0707808,5.379405498504639,action,70869.6,20874.02,66313.33,76888.21,40254.6,41671.87
1756458746.0786529,5.387277603149414,action,70992.44,20854.44,66275.51,76989.6,40307.7,41786.4
1756458746.0865374,5.395162105560303,action,70961.06,21065.8,66600.06,76919.05,40564.39,40873.92
1756458746.09896,5.4075846672058105,action,70999.42,20867.32,66290.0,76989.6,40305.02,41791.23
1756458746.1068735,5.41549825668335,action,70964.01,21068.48,66601.13,76918.25,40554.73,40870.7
1756458746.1148078,5.4234325885772705,action,70917.88,20809.65,66203.36,76949.63,40181.64,42092.98
1756458746.1226747,5.431299448013306,action,71058.16,21032.81,66562.78,76988.52,40580.75,40900.2
1756458746.1305392,5.43916392326355,action,70903.13,20917.48,66359.73,76916.1,40285.17,41707.01
1756458746.1350136,5.443638324737549,action,70917.61,20804.29,66203.9,76946.14,40168.5,42124.36
1756458746.1429198,5.451544523239136,action,71057.35,21025.03,66560.36,76987.18,40582.63,40907.18
1756458746.150799,5.459423780441284,action,70911.71,20922.3,66360.0,76923.88,40293.76,41710.77
1756458746.158672,5.467296838760376,action,71001.83,20864.37,66286.51,76990.67,40298.58,41818.06
1756458746.166539,5.475163698196411,action,70963.74,21068.75,66605.42,76917.44,40552.32,40909.32
1756458746.1710162,5.479640960693359,action,70910.1,20922.84,66359.2,76923.61,40291.61,41717.47
1756458746.1789033,5.487528085708618,action,70992.71,20858.47,66288.39,76979.4,40281.69,41850.24
1756458746.1867833,5.495408058166504,action,70962.4,21066.34,66607.57,76911.81,40535.15,40958.68
1756458746.1946502,5.503274917602539,action,70914.93,20800.26,66200.14,76938.63,40149.72,42189.54
1756458746.202566,5.51119065284729,action,71046.62,21015.38,66557.95,76978.06,40570.29,40976.65
1756458746.2070684,5.515693187713623,action,70945.24,21048.1,66602.47,76898.13,40527.11,40995.15
1756458746.2105124,5.519137144088745,action,70902.32,20911.58,66361.61,76908.59,40266.13,41819.93
1756458746.214989,5.523613691329956,action,70923.51,20805.63,66209.53,76946.95,40157.77,42238.36
1756458746.2228527,5.531477451324463,action,71060.3,21029.59,66561.7,76985.84,40573.78,41012.86
1756458746.230718,5.539342641830444,action,70910.91,20913.99,66360.81,76919.86,40281.69,41832.0
1756458746.238585,5.547209739685059,action,70997.0,20857.93,66296.97,76985.3,40287.85,41959.41
1756458746.2430634,5.551688194274902,action,71057.09,21026.11,66571.36,76988.52,40581.29,41049.33
1756458746.2509716,5.559596300125122,action,70913.32,20920.43,66370.73,76921.74,40280.08,41879.21
1756458746.2588563,5.56748104095459,action,70999.69,20858.74,66294.02,76979.67,40274.18,41990.79
1756458746.26673,5.575354814529419,action,70955.43,21056.41,66612.13,76902.42,40530.59,41093.86
1756458746.2745981,5.58322286605835,action,70909.56,20793.56,66210.6,76935.42,40150.79,42337.33
1756458746.2790759,5.587700605392456,action,70990.83,20848.28,66298.31,76972.7,40265.59,42047.12
1756458746.2869785,5.5956032276153564,action,70956.77,21054.81,66612.13,76899.21,40520.13,41139.19
1756458746.2948508,5.603475570678711,action,70924.58,20810.72,66208.46,76936.76,40147.58,42356.91
1756458746.3027837,5.611408472061157,action,71048.77,21021.01,66568.14,76969.21,40552.32,41146.97
1756458746.3106956,5.619320392608643,action,70897.76,20901.38,66354.64,76895.45,40246.28,41973.62
1756458746.315152,5.62377667427063,action,70916.0,20791.41,66193.17,76935.42,40142.75,42361.74
1756458746.3185668,5.627191543579102,action,70993.79,20846.13,66276.05,76973.5,40273.64,42035.31
1756458746.3230476,5.631672382354736,action,71058.69,21027.45,66557.41,76983.16,40579.95,41107.81
1756458746.3309474,5.6395721435546875,action,70911.17,20919.62,66351.42,76918.52,40288.66,41913.81
1756458746.338825,5.647449731826782,action,70999.42,20863.83,66282.22,76983.69,40292.15,42009.83
1756458746.3466978,5.655322551727295,action,70967.5,21070.36,66604.08,76915.83,40554.47,41097.61
1756458746.3511784,5.659803152084351,action,70919.76,20929.55,66356.25,76926.03,40295.9,41902.54
1756458746.3545928,5.663217544555664,action,70937.46,20824.94,66206.58,76958.48,40185.93,42316.14
1756458746.3590658,5.6676905155181885,action,71010.68,20875.1,66292.41,76989.06,40301.27,42020.29
1756458746.366988,5.675612688064575,action,70980.11,21083.51,66600.86,76920.13,40558.49,41097.61
1756458746.3748622,5.6834869384765625,action,70959.18,20844.79,66210.07,76971.62,40199.88,42319.36
1756458746.3827386,5.691363334655762,action,71094.9,21068.75,66571.9,77010.52,40620.72,41072.4
1756458746.3872194,5.6958441734313965,action,70998.08,21101.74,66614.81,76935.95,40581.29,41083.13
1756458746.3906345,5.699259281158447,action,70957.84,20964.68,66372.88,76956.07,40332.38,41892.62
1756458746.3951159,5.70374059677124,action,70984.4,20872.15,66230.72,76996.3,40229.38,42305.41
1756458746.3985598,5.707184553146362,action,71049.84,20915.6,66315.48,77020.17,40337.21,42004.2
1756458746.4030623,5.711687088012695,action,71111.8,21087.8,66587.18,77024.2,40629.57,41076.42
1756458746.4110167,5.719641447067261,action,70957.58,20967.1,66375.29,76953.65,40331.31,41889.13
1756458746.4188912,5.727515935897827,action,71037.77,20899.77,66308.5,77011.32,40322.99,42007.15
1756458746.4267626,5.735387325286865,action,70994.32,21090.75,66619.37,76934.88,40567.34,41108.07
1756458746.4312446,5.7398693561553955,action,70953.28,20954.22,66368.32,76950.44,40313.07,41911.93
1756458746.4346542,5.743278980255127,action,70972.06,20848.81,66215.43,76984.23,40205.24,42312.92
1756458746.43914,5.747764825820923,action,71046.62,20900.04,66299.65,77018.56,40325.94,41992.4
1756458746.4425557,5.751180410385132,action,71112.34,21081.09,66581.28,77024.46,40627.15,41069.18
1756458746.447038,5.755662679672241,action,71019.0,21114.62,66614.54,76953.92,40593.63,41057.38
1756458746.4549053,5.763530015945435,action,70983.06,20869.2,66229.38,76997.91,40231.26,42285.3
1756458746.4593854,5.768010139465332,action,71055.21,20916.67,66320.57,77026.61,40342.84,41987.57
1756458746.4628007,5.771425485610962,action,71118.78,21090.21,66602.2,77029.02,40632.25,41082.06
1756458746.4672792,5.775903940200806,action,71015.78,21114.62,66637.07,76950.44,40585.58,41101.37
1756458746.4707003,5.779325008392334,action,70959.99,20960.93,66384.95,76957.41,40322.19,41916.49
1756458746.4751804,5.7838051319122314,action,70974.74,20851.49,66231.52,76987.45,40206.58,42327.41
1756458746.4785957,5.787220478057861,action,71047.43,20903.26,66316.55,77015.88,40319.24,42021.1
1756458746.4830732,5.791697978973389,action,71108.32,21074.39,66592.82,77018.56,40613.74,41109.95
1756458746.490982,5.799606800079346,action,70961.33,20959.32,66384.41,76952.58,40313.07,41950.02
1756458746.4988933,5.807518005371094,action,71046.62,20898.16,66321.38,77011.05,40312.53,42064.01
1756458746.5034363,5.812061071395874,action,71103.49,21066.61,66593.35,77011.05,40607.57,41140.53
1756458746.5069132,5.815537929534912,action,71004.78,21098.53,66630.37,76933.81,40559.83,41166.28
1756458746.5114343,5.820059061050415,action,70955.97,20953.69,66380.92,76941.05,40297.78,41983.82
1756458746.5148537,5.82347846031189,action,70964.55,20836.74,66221.6,76967.87,40185.13,42389.9
1756458746.519333,5.827957630157471,action,71038.04,20885.29,66302.87,76999.79,40302.34,42069.91
1756458746.5227463,5.831371068954468,action,71100.27,21060.97,66582.89,77003.81,40603.55,41152.87
1756458746.5272276,5.835852384567261,action,71007.2,21093.97,66616.42,76935.42,40568.15,41161.99
1756458746.530637,5.839261770248413,action,70962.67,20959.05,66373.68,76949.63,40318.7,41974.16
1756458746.5351112,5.843735933303833,action,70973.67,20849.08,66230.72,76977.79,40205.24,42403.31
1756458746.543031,5.851655721664429,action,71101.34,21066.34,66596.04,77001.4,40601.67,41195.78
1756458746.5509067,5.859531402587891,action,70943.09,20936.52,66377.7,76930.05,40281.69,42056.77
1756458746.5553882,5.864012956619263,action,70969.38,20835.13,66230.99,76974.04,40182.98,42468.22
1756458746.5588007,5.867425441741943,action,71047.7,20890.65,66320.57,77007.03,40304.48,42157.62
1756458746.56326,5.871884822845459,action,71102.41,21058.02,66594.96,77005.15,40597.92,41242.45
1756458746.5666776,5.875302314758301,action,71002.9,21088.33,66629.83,76928.71,40551.25,41270.08
1756458746.5711582,5.8797829151153564,action,70950.87,20943.23,66379.85,76937.56,40290.54,42087.35
1756458746.5745742,5.883198976516724,action,70964.55,20833.79,66228.84,76964.92,40177.62,42502.82
1756458746.5790467,5.88767147064209,action,71034.55,20878.58,66315.48,76991.21,40287.85,42200.54
1756458746.5835288,5.89215350151062,action,71097.05,21054.81,66594.96,76994.42,40581.82,41294.22
1756458746.5869534,5.895578145980835,action,70994.86,21082.7,66633.59,76917.71,40532.2,41340.62
1756458746.5914314,5.9000561237335205,action,70945.51,20937.32,66382.26,76927.1,40271.49,42162.72
1756458746.594846,5.903470754623413,action,70963.48,20832.72,66226.16,76958.21,40160.18,42571.22
1756458746.5993543,5.9079790115356445,action,71034.55,20876.44,66309.31,76989.86,40284.9,42253.11
1756458746.6027837,5.911408424377441,action,71100.54,21058.29,66588.26,76995.23,40586.92,41335.26
1756458746.6072793,5.9159040451049805,action,70999.15,21086.99,66623.13,76917.98,40541.32,41366.64
1756458746.6107287,5.919353485107422,action,70950.33,20938.67,66373.14,76933.54,40287.32,42178.54
1756458746.6152039,5.923828601837158,action,70964.82,20832.18,66221.6,76967.07,40181.91,42579.53
1756458746.6186204,5.927245140075684,action,71034.55,20881.0,66306.62,76993.62,40298.58,42265.45
1756458746.623098,5.931722640991211,action,71092.76,21054.27,66580.48,76993.89,40595.5,41341.16
1756458746.6275806,5.9362053871154785,action,70991.64,21080.55,66612.13,76919.86,40551.78,41360.74
1756458746.6309917,5.939616441726685,action,70938.8,20934.11,66359.46,76927.9,40290.81,42168.62
1756458746.6354704,5.944095134735107,action,70959.45,20828.7,66207.11,76961.7,40185.39,42570.15
1756458746.638881,5.947505712509155,action,71031.34,20879.93,66294.55,76992.55,40306.63,42252.3
1756458746.6433628,5.9519875049591064,action,71090.88,21054.54,66573.5,76992.28,40600.33,41333.92
1756458746.6467786,5.9554033279418945,action,70990.3,21081.09,66610.25,76917.44,40554.47,41368.78
1756458746.6512551,5.9598798751831055,action,70939.34,20933.57,66363.22,76929.51,40293.49,42189.0
1756458746.6546714,5.963296175003052,action,70957.04,20824.4,66210.07,76961.7,40185.93,42589.99
1756458746.659154,5.96777868270874,action,71039.11,20883.41,66295.63,76996.57,40309.58,42259.28
1756458746.667063,5.975687742233276,action,71011.49,21097.18,66605.69,76933.54,40583.97,41324.8
1756458746.6715453,5.980170011520386,action,70946.31,20942.96,66351.42,76928.98,40313.87,42131.07
1756458746.6749675,5.98359227180481,action,70959.45,20833.79,66199.07,76958.21,40195.85,42527.23
1756458746.6794484,5.988073110580444,action,71037.24,20890.65,66290.8,76995.23,40320.04,42204.56
1756458746.6828637,5.991488456726074,action,71103.22,21072.51,66574.85,77000.32,40618.3,41285.37
1756458746.6873507,5.995975494384766,action,71001.56,21097.45,66612.93,76923.88,40571.36,41316.21
1756458746.6907673,5.999392032623291,action,70949.26,20950.2,66368.85,76926.3,40303.68,42145.28
1756458746.6953564,6.003981113433838,recovery,70970.45,20849.62,66219.18,76954.73,40184.59,42554.86
1756458746.6989179,6.007542610168457,recovery,71034.82,20889.85,66303.14,76986.38,40301.0,42240.23
1756458746.703454,6.012078762054443,recovery,71097.05,21066.61,66581.28,76994.42,40597.65,41322.38
1756458746.7069204,6.015545129776001,recovery,70996.2,21087.8,66612.13,76925.49,40557.95,41349.2
1756458746.7114403,6.020065069198608,recovery,70951.94,20945.37,66365.9,76949.9,40317.09,42157.89
1756458746.7148614,6.023486137390137,recovery,70977.42,20853.91,66233.94,76992.55,40224.55,42576.32
1756458746.719379,6.028003692626953,recovery,71044.75,20903.26,66321.91,77019.64,40333.45,42274.3
1756458746.7227972,6.031421899795532,recovery,71107.51,21076.53,66590.94,77028.76,40630.64,41340.89
1756458746.7272892,6.035913944244385,recovery,71000.76,21096.11,66616.15,76957.68,40589.07,41357.25
1756458746.7306988,6.039323568344116,recovery,70947.11,20946.44,66365.63,76974.04,40340.16,42165.4
1756458746.735144,6.043768644332886,recovery,70958.38,20839.96,66218.11,77011.86,40237.97,42568.27
1756458746.7396295,6.0482542514801025,recovery,71032.68,20894.95,66307.97,77048.34,40360.01,42253.65
1756458746.7430477,6.051672458648682,recovery,71097.59,21072.51,66582.89,77058.8,40662.56,41325.33
1756458746.747528,6.056152820587158,recovery,70997.81,21102.01,66614.81,76989.86,40620.18,41352.42
1756458746.750946,6.059570789337158,recovery,70941.21,20951.27,66367.51,77005.69,40366.98,42171.3
1756458746.7554286,6.064053297042847,recovery,70959.99,20849.08,66219.45,77044.04,40260.76,42577.39
1756458746.758845,6.067469835281372,recovery,71022.75,20891.46,66302.87,77074.89,40382.8,42256.86
1756458746.7633219,6.071946620941162,recovery,71075.06,21063.12,66578.33,77073.55,40672.48,41346.25
1756458746.7667394,6.075364112854004,recovery,70968.04,21082.7,66608.37,76996.57,40616.16,41390.24
1756458746.7712224,6.079847097396851,recovery,70905.27,20922.3,66353.56,77003.27,40346.6,42215.02
1756458746.7757032,6.084327936172485,recovery,70914.66,20807.77,66199.07,77034.12,40231.26,42623.25
1756458746.7791104,6.087735176086426,recovery,70984.13,20853.37,66284.09,77066.31,40354.37,42304.61
1756458746.7835903,6.092215061187744,recovery,71038.85,21023.42,66556.61,77068.18,40653.44,41384.88
1756458746.7869995,6.095624208450317,recovery,70941.21,21052.12,66585.31,77001.67,40611.06,41411.7
1756458746.7915075,6.10013222694397,recovery,70894.81,20908.09,66333.45,77023.39,40369.13,42209.12
1756458746.7949874,6.103612184524536,recovery,70903.13,20797.85,66184.32,77056.65,40268.54,42606.62
1756458746.7994995,6.108124256134033,recovery,70977.42,20853.91,66274.44,77090.98,40392.46,42283.15
1756458746.8029668,6.111591577529907,recovery,71038.04,21036.03,66559.02,77093.93,40688.58,41373.88
1756458746.807475,6.116099834442139,recovery,70931.02,21061.78,66596.3,77012.39,40624.2,41442.81
1756458746.810923,6.1195478439331055,recovery,70878.45,20906.21,66339.88,77026.61,40361.62,42261.96
1756458746.8154304,6.1240551471710205,recovery,70903.93,20809.38,66195.58,77071.67,40266.93,42666.17
1756458746.8188462,6.127470970153809,recovery,70981.45,20861.69,66289.19,77109.49,40399.97,42342.43
1756458746.8233216,6.131946325302124,recovery,71038.58,21036.3,66567.87,77111.9,40698.77,41421.62
1756458746.827803,6.136427640914917,recovery,70940.14,21067.95,66599.25,77038.68,40647.54,41459.71
1756458746.8312113,6.139836072921753,recovery,70891.86,20925.52,66349.27,77052.63,40391.66,42277.79
1756458746.8356838,6.144308567047119,recovery,70914.66,20826.82,66204.16,77090.71,40288.12,42679.58
1756458746.8391275,6.147752285003662,recovery,70980.91,20870.0,66287.58,77119.41,40410.16,42344.04
1756458746.8436148,6.152239561080933,recovery,71038.31,21042.74,66561.43,77117.81,40706.28,41413.58
1756458746.8470259,6.155650615692139,recovery,70933.17,21064.46,66590.94,77040.56,40655.32,41443.62
1756458746.8514965,6.160121202468872,recovery,70876.84,20914.79,66337.2,77045.39,40391.12,42255.26
1756458746.8549006,6.163525342941284,recovery,70886.5,20803.48,66185.66,77071.67,40275.52,42658.93
1756458746.8593745,6.167999267578125,recovery,70961.87,20854.44,66274.71,77101.44,40394.34,42334.11
1756458746.8627822,6.171406984329224,recovery,71027.04,21032.01,66550.71,77108.69,40694.75,41403.65
1756458746.8672535,6.175878286361694,recovery,70934.51,21066.88,66585.84,77043.24,40655.85,41433.96
1756458746.8717508,6.180375576019287,recovery,70881.67,20919.09,66333.98,77053.97,40397.56,42239.97
1756458746.875159,6.183783769607544,recovery,70901.25,20816.63,66187.27,77089.64,40295.63,42632.64
1756458746.8796325,6.188257217407227,recovery,70981.45,20878.32,66281.95,77123.44,40421.7,42302.73
1756458746.8830366,6.191661357879639,recovery,71042.07,21059.1,66565.46,77121.02,40712.18,41391.32
1756458746.8875093,6.196134090423584,recovery,70930.49,21080.02,66603.01,77033.05,40639.76,41466.69
1756458746.8909485,6.199573278427124,recovery,70867.72,20912.65,66342.83,77029.83,40356.79,42298.71
1756458746.8955083,6.204133033752441,recovery,70883.01,20802.14,66185.66,77059.6,40239.04,42703.18
1756458746.8989377,6.207562446594238,recovery,70954.89,20846.4,66269.61,77090.45,40361.35,42371.93
1756458746.903456,6.212080717086792,recovery,71012.83,21019.67,66542.66,77091.79,40662.02,41445.76
1756458746.9069118,6.215536594390869,recovery,70912.51,21044.88,66570.82,77016.69,40614.82,41485.46
1756458746.9114804,6.220105171203613,recovery,70869.33,20900.85,66321.91,77036.0,40368.05,42292.27
1756458746.9148953,6.223520040512085,recovery,70882.47,20794.63,66175.73,77070.06,40266.93,42690.31
1756458746.9193776,6.228002309799194,recovery,70952.48,20848.01,66265.05,77095.81,40380.12,42368.18
1756458746.923889,6.232513666152954,recovery,71010.42,21018.6,66540.51,77095.54,40672.22,41447.37
1756458746.9273431,6.2359678745269775,recovery,70908.49,21044.88,66574.04,77018.56,40616.96,41501.55
1756458746.9318466,6.240471363067627,recovery,70866.11,20902.19,66328.62,77036.53,40361.35,42327.67
1756458746.9352996,6.243924379348755,recovery,70883.55,20798.65,66187.0,77069.53,40255.13,42739.39
1756458746.9397876,6.248412370681763,recovery,70959.72,20850.96,66272.02,77098.76,40371.54,42410.56
1756458746.9431994,6.251824140548706,recovery,71019.53,21023.42,66544.0,77099.83,40671.95,41475.27
1756458746.947677,6.256301641464233,recovery,70916.27,21046.49,66571.36,77023.12,40619.91,41517.11
1756458746.9510913,6.259716033935547,recovery,70856.99,20893.6,66318.16,77029.02,40353.03,42336.26
1756458746.9555712,6.264195919036865,recovery,70878.45,20792.22,66171.44,77062.28,40246.82,42738.05
1756458746.9589884,6.267613172531128,recovery,70953.82,20845.06,66262.37,77092.86,40369.39,42413.77
1756458746.9634712,6.2720959186553955,recovery,71013.9,21023.69,66539.98,77090.98,40660.41,41499.41
1756458746.9679542,6.276578903198242,recovery,70909.03,21044.34,66568.68,77011.59,40600.87,41553.32
1756458746.971371,6.279995679855347,recovery,70864.5,20896.02,66320.84,77031.71,40349.01,42374.61
1756458746.975856,6.284480810165405,recovery,70893.47,20804.29,66176.27,77073.28,40253.52,42765.68
1756458746.9792676,6.2878923416137695,recovery,70964.28,20854.44,66263.98,77103.59,40381.73,42427.99
1756458746.9837575,6.29238224029541,recovery,71020.34,21027.98,66545.88,77104.39,40677.85,41511.75
1756458746.9871688,6.295793533325195,recovery,70924.32,21054.27,66575.65,77036.53,40632.79,41549.83
1756458746.9916563,6.300281047821045,recovery,70881.67,20914.26,66331.57,77052.36,40381.73,42368.18
1756458746.995168,6.303792715072632,recovery,70898.3,20811.53,66183.78,77079.72,40270.15,42768.9
1756458746.9996839,6.3083086013793945,recovery,70968.84,20860.35,66272.29,77108.15,40388.44,42440.86
1756458747.0031495,6.311774253845215,recovery,71033.48,21038.18,66546.68,77110.56,40683.75,41511.21
1756458747.0076776,6.316302299499512,recovery,70933.97,21063.12,66570.82,77038.41,40639.76,41542.06
1756458747.0111363,6.319761037826538,recovery,70882.47,20915.33,66317.89,77052.09,40388.97,42344.3
1756458747.015624,6.324248790740967,recovery,70903.13,20816.09,66170.1,77090.45,40292.15,42725.18
1756458747.0190756,6.32770037651062,recovery,70981.98,20874.83,66260.76,77126.39,40423.31,42376.22
1756458747.023565,6.3321897983551025,recovery,71044.75,21055.61,66542.39,77130.95,40725.05,41444.42
1756458747.0269954,6.335620164871216,recovery,70952.21,21091.02,66577.53,77059.87,40675.7,41487.88
1756458747.0314775,6.340102195739746,recovery,70903.39,20942.69,66329.69,77072.21,40420.36,42297.37
1756458747.0359957,6.3446204662323,recovery,70918.15,20837.81,66189.14,77101.98,40313.07,42701.04
1756458747.0394194,6.348044157028198,recovery,70994.32,20892.0,66283.83,77134.7,40433.23,42374.88
1756458747.043895,6.352519750595093,recovery,71052.53,21064.46,66561.43,77135.78,40727.74,41443.62
1756458747.04731,6.3559348583221436,recovery,70957.31,21092.09,66589.6,77065.77,40679.99,41481.44
1756458747.051793,6.36041784286499,recovery,70921.9,20958.25,66341.76,77088.3,40432.43,42286.1
1756458747.0552096,6.363834381103516,recovery,70939.6,20859.27,66196.92,77117.81,40325.14,42676.36
1756458747.059688,6.368312835693359,recovery,71004.25,20902.99,66288.39,77141.14,40441.81,42346.72
1756458747.0630994,6.3717241287231445,recovery,71059.77,21076.26,66570.02,77139.53,40733.1,41430.21
1756458747.0675833,6.376208066940308,recovery,70958.65,21099.06,66600.86,77062.28,40671.68,41488.68
1756458747.0720592,6.380683898925781,recovery,70910.64,20947.25,66343.1,77076.23,40412.58,42296.02
1756458747.0754752,6.384099960327148,recovery,70921.37,20840.77,66190.49,77100.64,40298.32,42685.21
1756458747.079957,6.3885817527771,recovery,70990.3,20886.09,66281.41,77127.46,40417.14,42354.23
1756458747.0833707,6.391995429992676,recovery,71049.31,21062.58,66566.8,77126.66,40708.16,41448.45
1756458747.0878491,6.3964738845825195,recovery,70953.82,21084.04,66592.55,77053.43,40652.64,41496.99
1756458747.0912707,6.399895429611206,recovery,70912.78,20943.49,66341.76,77074.35,40404.53,42305.68
1756458747.0958357,6.404460430145264,recovery,70933.44,20846.93,66199.07,77107.88,40300.46,42704.26
1756458747.0992622,6.407886981964111,recovery,71007.2,20894.41,66285.97,77137.39,40424.11,42362.01
1756458747.1037946,6.412419319152832,recovery,71066.74,21069.83,66568.68,77136.04,40717.28,41442.55
1756458747.1073153,6.415940046310425,recovery,70966.7,21095.58,66597.38,77061.48,40660.95,41501.02
1756458747.1118834,6.420508146286011,recovery,70921.1,20949.93,66348.2,77076.23,40404.8,42325.8
1756458747.1153097,6.423934459686279,recovery,70940.14,20844.25,66202.56,77111.1,40299.92,42725.71
1756458747.1197948,6.428419589996338,recovery,71016.32,20896.56,66291.6,77139.8,40419.55,42391.51
1756458747.123211,6.431835651397705,recovery,71075.86,21070.36,66570.82,77140.6,40715.4,41468.56
1756458747.127743,6.436367750167847,recovery,70977.42,21098.53,66598.72,77066.84,40661.49,41517.65
1756458747.1311598,6.439784526824951,recovery,70921.9,20946.98,66343.37,77074.62,40401.58,42334.92
1756458747.1356373,6.4442620277404785,recovery,70930.75,20834.33,66187.53,77097.42,40282.49,42732.96
1756458747.14011,6.448734760284424,recovery,71006.66,20882.61,66275.24,77126.66,40406.14,42392.32
1756458747.143522,6.452146768569946,recovery,71065.4,21055.88,66559.02,77129.07,40703.33,41473.12
1756458747.147999,6.456623792648315,recovery,70967.5,21085.65,66589.33,77051.55,40645.93,41534.81
1756458747.1514163,6.460041046142578,recovery,70917.07,20936.25,66332.64,77062.02,40386.29,42349.13
1756458747.1558921,6.464516878128052,recovery,70939.87,20837.81,66185.66,77099.03,40280.88,42734.83
1756458747.159306,6.467930793762207,recovery,71010.42,20885.56,66278.19,77130.95,40408.29,42395.27
1756458747.1637864,6.472411155700684,recovery,71064.6,21056.15,66561.17,77130.68,40703.6,41486.8
1756458747.167198,6.475822687149048,recovery,70959.72,21074.92,66585.57,77054.24,40645.39,41538.03
1756458747.1716816,6.480306386947632,recovery,70914.12,20932.23,66333.18,77069.79,40393.8,42347.79
1756458747.1761646,6.4847893714904785,recovery,70929.95,20828.16,66181.9,77102.25,40290.81,42729.74
1756458747.1795928,6.48821759223938,recovery,71012.56,20890.12,66273.9,77135.78,40419.01,42383.46
1756458747.184082,6.492706775665283,recovery,71074.25,21065.8,66549.36,77141.14,40718.08,41446.3
1756458747.187498,6.49612283706665,recovery,70977.96,21092.36,66568.14,77074.09,40678.65,41458.37
1756458747.1919851,6.500609874725342,recovery,70933.44,20956.64,66325.13,77088.57,40434.3,42263.03
1756458747.1956534,6.504278182983398,recovery,70950.07,20859.81,66185.66,77119.95,40328.89,42655.44
1756458747.200147,6.508771657943726,recovery,71025.7,20911.84,66282.75,77150.26,40449.06,42319.63
1756458747.203585,6.51220965385437,recovery,71079.88,21079.21,66565.46,77151.87,40741.95,41400.97
1756458747.2080848,6.516709566116333,recovery,70983.06,21104.96,66589.6,77078.91,40685.36,41447.91
1756458747.2115157,6.5201404094696045,recovery,70944.16,20968.97,66342.3,77098.49,40438.59,42249.89
1756458747.2159936,6.52461838722229,recovery,70959.45,20871.07,66204.7,77125.85,40332.65,42649.54
1756458747.2194045,6.528029203414917,recovery,71027.31,20917.48,66300.19,77152.14,40445.03,42329.28
1756458747.2238824,6.5325071811676025,recovery,71084.71,21084.58,66573.5,77154.82,40736.05,41403.12
1756458747.2273085,6.535933256149292,recovery,70986.28,21110.06,66596.04,77083.2,40685.63,41443.08
1756458747.2317874,6.540412187576294,recovery,70950.87,20977.83,66352.76,77104.93,40443.15,42254.99
1756458747.2352002,6.543824911117554,recovery,70985.74,20894.14,66222.67,77152.41,40356.25,42651.95
1756458747.239675,6.548299789428711,recovery,71062.18,20949.66,66320.57,77189.15,40486.07,42314.0
1756458747.2441607,6.552785396575928,recovery,71122.26,21123.2,66600.59,77194.25,40783.8,41386.22
1756458747.247572,6.556196689605713,recovery,71017.66,21146.81,66631.71,77115.66,40724.79,41447.91
1756458747.2520506,6.560675382614136,recovery,70963.21,20995.26,66378.24,77115.39,40451.47,42271.35
1756458747.2554674,6.56409215927124,recovery,70984.93,20897.9,66235.28,77148.38,40342.04,42672.34
1756458747.2599506,6.568575382232666,recovery,71057.89,20945.1,66325.94,77181.11,40463.54,42333.04
1756458747.2633617,6.571986436843872,recovery,71120.39,21112.2,66597.64,77190.76,40770.12,41384.34
1756458747.2678502,6.576474905014038,recovery,71022.22,21141.71,66620.98,77118.34,40723.98,41420.28
1756458747.2712674,6.579892158508301,recovery,70962.4,20992.04,66365.37,77115.12,40457.91,42230.58
1756458747.2757523,6.58437705039978,recovery,70968.57,20880.19,66219.45,77131.75,40334.79,42633.71
1756458747.2802298,6.588854551315308,recovery,71047.43,20934.64,66315.74,77164.48,40451.2,42304.61
1756458747.283644,6.592268705368042,recovery,71106.97,21107.91,66597.38,77168.23,40743.56,41387.83
1756458747.288117,6.596741676330566,recovery,71003.71,21129.37,66618.83,77090.45,40681.87,41445.5
1756458747.2915382,6.600162982940674,recovery,70952.48,20978.09,66362.68,77094.47,40421.16,42258.47
1756458747.29608,6.604704856872559,recovery,70976.89,20879.12,66216.5,77135.78,40326.21,42640.15
1756458747.2994998,6.608124494552612,recovery,71056.01,20937.59,66314.67,77173.06,40464.61,42292.81
1756458747.3040102,6.612634897232056,recovery,71101.88,21103.09,66599.79,77169.3,40757.24,41386.76
1756458747.307475,6.616099834442139,recovery,70995.13,21120.79,66627.15,77083.2,40685.63,41473.12
1756458747.3119566,6.620581388473511,recovery,70958.65,20981.85,66368.05,77098.23,40424.65,42280.74
1756458747.3154128,6.624037504196167,recovery,70976.08,20878.32,66217.58,77128.0,40322.46,42662.68
1756458747.3198953,6.6285200119018555,recovery,71045.55,20927.94,66309.31,77159.38,40448.79,42322.04
1756458747.3233075,6.631932258605957,recovery,71098.93,21098.26,66589.6,77164.21,40743.56,41402.04
1756458747.3277965,6.636421203613281,recovery,70994.05,21115.16,66609.71,77089.37,40689.11,41451.67
1756458747.332283,6.6409077644348145,recovery,70948.72,20972.19,66353.03,77096.62,40434.3,42254.18
1756458747.3356972,6.644321918487549,recovery,70966.7,20867.86,66204.97,77128.0,40331.84,42629.96
1756458747.340176,6.648800849914551,recovery,71045.82,20929.55,66303.41,77167.16,40464.08,42282.88
1756458747.3435922,6.652216911315918,recovery,71102.95,21107.91,66589.33,77168.5,40756.7,41374.42
1756458747.348119,6.656743764877319,recovery,70993.25,21121.86,66608.37,77082.4,40688.58,41437.18
1756458747.3515396,6.6601643562316895,recovery,70930.49,20962.27,66349.0,77077.57,40411.77,42256.06
1756458747.3560226,6.664647340774536,recovery,70939.6,20851.49,66198.53,77098.23,40288.93,42658.93
1756458747.3594356,6.668060302734375,recovery,71014.44,20901.92,66296.16,77132.02,40411.24,42338.94
1756458747.363968,6.672592639923096,recovery,71077.47,21077.87,66576.19,77138.46,40704.94,41431.55
1756458747.367389,6.676013708114624,recovery,70978.76,21099.6,66597.38,77062.82,40646.73,41494.58
1756458747.3718717,6.680496454238892,recovery,70933.44,20951.0,66344.98,77074.89,40393.27,42308.9
1756458747.3763545,6.684979200363159,recovery,70954.63,20851.76,66203.36,77111.9,40295.9,42697.01
1756458747.3797724,6.688397169113159,recovery,71031.87,20908.63,66299.65,77147.85,40427.33,42365.23
1756458747.3842466,6.692871332168579,recovery,71090.34,21085.65,66583.7,77150.53,40718.62,41461.86
1756458747.3876603,6.696285009384155,recovery,70993.52,21108.45,66607.3,77076.23,40661.49,41532.94
1756458747.3921502,6.700774908065796,recovery,70953.28,20968.44,66359.46,77090.71,40409.63,42360.4
1756458747.3956969,6.704321622848511,recovery,70990.3,20885.02,66224.55,77142.48,40317.63,42758.71
1756458747.400193,6.708817720413208,recovery,71062.99,20935.72,66321.38,77176.55,40449.86,42421.28
1756458747.4036682,6.712292909622192,recovery,71111.0,21097.99,66602.2,77173.6,40743.83,41517.11
1756458747.4081953,6.716820001602173,recovery,71009.88,21119.98,66623.93,77096.62,40681.6,41591.68
1756458747.411628,6.720252752304077,recovery,70960.79,20974.61,66372.34,77103.59,40419.01,42421.55
1756458747.4161074,6.724732160568237,recovery,70982.52,20873.22,66229.91,77136.31,40307.7,42826.3
1756458747.4195182,6.728142976760864,recovery,71061.91,20932.23,66327.28,77173.33,40432.69,42499.87
1756458747.4239907,6.7326154708862305,recovery,71119.58,21104.69,66606.76,77179.76,40729.61,41590.07
1756458747.4274158,6.7360405921936035,recovery,71019.8,21122.93,66621.25,77110.3,40675.17,41638.88
1756458747.4318938,6.740518569946289,recovery,70976.62,20983.19,66369.66,77122.37,40427.06,42445.96
1756458747.4363751,6.744999885559082,recovery,71005.32,20891.73,66225.89,77159.38,40334.79,42825.22
1756458747.4397933,6.748418092727661,recovery,71074.52,20942.15,66319.5,77191.03,40467.03,42481.9
1756458747.4442785,6.75290322303772,recovery,71124.68,21111.4,66600.86,77193.71,40760.73,41571.29
1756458747.447698,6.756322860717773,recovery,71018.73,21130.18,66625.54,77113.25,40698.5,41643.17
1756458747.4521759,6.76080060005188,recovery,70975.01,20988.82,66377.44,77118.34,40433.77,42470.37
1756458747.4556267,6.764251470565796,recovery,70998.35,20896.02,66238.5,77147.31,40324.6,42874.85
1756458747.4601145,6.768739223480225,recovery,71062.72,20938.4,66330.76,77173.6,40441.28,42550.83
1756458747.4635315,6.772156238555908,recovery,71112.88,21100.4,66601.67,77178.69,40732.03,41638.35
1756458747.4680133,6.776638031005859,recovery,71014.44,21123.2,66618.3,77103.05,40677.31,41691.72
1756458747.4725351,6.7811598777771,recovery,70961.33,20973.0,66360.0,77099.83,40414.45,42502.29
1756458747.4759624,6.784587144851685,recovery,70981.98,20875.37,66213.02,77130.68,40307.97,42883.16
1756458747.4804451,6.789069890975952,recovery,71058.69,20930.89,66310.38,77169.57,40446.37,42541.98
1756458747.4838586,6.792483329772949,recovery,71109.66,21099.87,66590.13,77177.35,40748.39,41630.57
1756458747.4883385,6.796963214874268,recovery,71007.73,21124.01,66616.42,77103.86,40692.06,41701.38
1756458747.4917564,6.800381183624268,recovery,70975.01,20989.9,66371.53,77119.41,40440.47,42516.77
1756458747.496306,6.804930686950684,recovery,71019.8,20917.21,66247.88,77173.33,40364.03,42907.03
1756458747.499742,6.808366775512695,recovery,71097.59,20974.07,66352.49,77213.83,40502.97,42573.63
1756458747.5042682,6.812892913818359,recovery,71151.77,21146.0,66621.52,77223.48,40802.84,41641.57
1756458747.5077846,6.816409349441528,recovery,71058.43,21172.82,66640.56,77156.16,40756.97,41675.9
1756458747.5122962,6.820920944213867,recovery,71029.19,21044.34,66404.26,77181.11,40524.16,42472.51
1756458747.5157259,6.824350595474243,recovery,71047.16,20948.32,66272.02,77210.88,40425.72,42859.83
1756458747.5202067,6.828831434249878,recovery,71119.04,21005.99,66369.39,77239.31,40542.4,42524.01
1756458747.523626,6.8322508335113525,recovery,71174.03,21182.75,66646.46,77241.72,40827.52,41612.87
1756458747.5281188,6.836743593215942,recovery,71068.08,21196.96,66666.31,77159.92,40761.8,41679.65
1756458747.5315373,6.840162038803101,recovery,71018.19,21044.61,66417.13,77160.45,40495.46,42501.21
1756458747.53602,6.844644784927368,recovery,71035.9,20942.15,66272.83,77187.27,40384.95,42891.48
1756458747.5405052,6.849129915237427,recovery,71112.88,20998.48,66368.32,77224.29,40511.82,42549.49
1756458747.5439348,6.852559566497803,recovery,71167.06,21171.48,66645.66,77230.99,40803.64,41638.62
1756458747.548421,6.857045650482178,recovery,71068.35,21190.53,66657.73,77158.57,40748.93,41683.14
1756458747.5518456,6.860470294952393,recovery,71026.51,21050.78,66410.16,77166.89,40499.48,42488.61
1756458747.5563326,6.864957332611084,recovery,71043.41,20950.74,66273.9,77197.2,40398.36,42880.21
1756458747.5597577,6.868382453918457,recovery,71117.7,21005.99,66371.0,77229.65,40519.6,42541.98
1756458747.564238,6.872862815856934,recovery,71167.32,21172.29,66647.27,77230.19,40808.47,41628.69
1756458747.5676942,6.87631893157959,recovery,71057.62,21181.41,66662.55,77146.77,40738.47,41696.55
1756458747.572177,6.880801677703857,recovery,71020.34,21044.88,66411.5,77156.7,40483.12,42507.11
1756458747.575596,6.884220838546753,recovery,71043.41,20949.13,66270.15,77190.22,40388.17,42885.84
1756458747.580119,6.88874363899231,recovery,71116.9,21002.77,66363.22,77224.29,40515.31,42536.35
1756458747.5846148,6.893239498138428,recovery,71169.47,21173.09,66640.83,77228.31,40804.45,41621.45
1756458747.588032,6.89665675163269,recovery,71070.76,21193.74,66656.38,77153.75,40747.05,41673.22
1756458747.592516,6.9011406898498535,recovery,71023.02,21050.78,66409.35,77158.04,40492.51,42484.58
1756458747.5960073,6.904632091522217,recovery,71045.02,20953.42,66267.73,77188.88,40388.97,42870.02
1756458747.6005104,6.909135103225708,recovery,71113.41,21002.23,66360.81,77221.88,40514.5,42521.33
1756458747.603976,6.912600755691528,recovery,71168.13,21170.14,66641.9,77228.31,40806.86,41614.48
1756458747.608544,6.917168855667114,recovery,71069.69,21190.53,66661.75,77153.48,40745.71,41678.85
1756458747.6119726,6.920597314834595,recovery,71026.51,21049.44,66408.28,77160.99,40491.43,42479.49
1756458747.6164565,6.925081253051758,recovery,71046.62,20958.25,66274.44,77188.35,40382.27,42872.7
1756458747.6198676,6.928492307662964,recovery,71110.73,20997.14,66367.78,77214.9,40498.94,42539.03
1756458747.6243486,6.932973384857178,recovery,71161.16,21158.07,66643.24,77218.66,40791.57,41631.64
1756458747.627775,6.936399698257446,recovery,71060.3,21178.99,66661.21,77142.75,40728.27,41704.6
1756458747.6322515,6.940876245498657,recovery,71028.39,21044.34,66408.01,77162.6,40482.05,42496.39
1756458747.6356642,6.944288969039917,recovery,71058.43,20957.98,66270.15,77201.76,40394.87,42863.85
1756458747.640141,6.948765754699707,recovery,71127.09,21008.4,66368.32,77232.6,40523.62,42516.5
1756458747.6446211,6.9532458782196045,recovery,71176.18,21173.63,66647.53,77235.02,40814.1,41609.92
1756458747.648032,6.9566566944122314,recovery,71076.4,21195.35,66665.5,77158.04,40750.27,41680.46
1756458747.6525116,6.961136341094971,recovery,71041.8,21060.97,66414.99,77172.25,40498.94,42477.34
1756458747.655936,6.9645607471466064,recovery,71068.08,20971.93,66277.12,77206.85,40401.85,42855.8
1756458747.6604173,6.969042062759399,recovery,71139.16,21017.52,66372.88,77242.53,40533.01,42502.55
1756458747.663841,6.972465753555298,recovery,71193.61,21186.5,66655.31,77250.04,40830.2,41590.87
1756458747.6683228,6.976947546005249,recovery,71094.9,21212.25,66675.7,77173.33,40769.31,41663.56
1756458747.6717396,6.9803643226623535,recovery,71048.5,21068.75,66417.94,77175.74,40510.48,42456.42
1756458747.6762598,6.98488450050354,recovery,71076.93,20979.17,66276.85,77214.9,40406.94,42824.15
1756458747.6796846,6.988309383392334,recovery,71149.35,21026.91,66376.09,77254.06,40541.59,42473.05
1756458747.6841671,6.9927918910980225,recovery,71204.07,21197.77,66658.53,77262.38,40838.51,41561.9
1756458747.6886477,6.997272491455078,recovery,71104.02,21218.69,66678.65,77188.08,40776.02,41634.32
1756458747.6921043,7.000729084014893,recovery,71058.96,21076.26,66427.06,77192.91,40513.7,42440.06
1756458747.6966646,7.005289316177368,recovery,71080.42,20979.97,66290.53,77219.46,40406.94,42831.66
1756458747.7000904,7.0087151527404785,recovery,71150.16,21027.45,66388.43,77251.11,40528.99,42498.0
1756458747.704622,7.013246774673462,recovery,71194.41,21186.23,66666.58,77249.23,40811.96,41601.87
1756458747.7081106,7.016735315322876,recovery,71089.0,21202.86,66687.5,77167.43,40734.44,41702.72
1756458747.7126138,7.021238565444946,recovery,71045.82,21053.46,66428.4,77174.4,40471.59,42512.21
1756458747.7160308,7.02465558052063,recovery,71073.98,20960.12,66283.56,77208.2,40376.64,42883.16
1756458747.7205162,7.029140949249268,recovery,71142.65,21009.48,66379.04,77239.85,40510.75,42533.94
1756458747.7239435,7.0325682163238525,recovery,71191.73,21177.11,66662.55,77239.85,40800.16,41635.93
1756458747.728439,7.037063837051392,recovery,71093.03,21200.18,66683.48,77161.53,40734.98,41727.93
1756458747.7318528,7.040477514266968,recovery,71057.62,21060.44,66435.37,77176.01,40479.63,42548.96
1756458747.7363372,7.044961929321289,recovery,71081.76,20971.12,66295.9,77205.25,40374.22,42938.41
1756458747.7397542,7.048378944396973,recovery,71147.21,21012.69,66388.43,77237.43,40498.94,42599.38
1756458747.7442353,7.0528600215911865,recovery,71202.46,21178.46,66656.65,77243.87,40793.18,41677.24
1756458747.74872,7.057344675064087,recovery,71106.44,21197.23,66663.09,77171.99,40741.42,41718.55
1756458747.7521348,7.060759544372559,recovery,71067.55,21062.85,66414.72,77183.52,40496.53,42514.62
1756458747.7566206,7.0652453899383545,recovery,71099.73,20980.24,66282.48,77226.97,40406.94,42887.45
1756458747.7600353,7.068660020828247,recovery,71168.93,21035.23,66388.16,77274.98,40541.59,42540.91
1756458747.7645178,7.0731425285339355,recovery,71229.82,21206.35,66674.09,77299.39,40834.22,41639.69
1756458747.7679899,7.076614618301392,recovery,71177.25,21219.76,66699.03,77252.72,40760.73,41716.13
1756458747.7724802,7.08110499382019,recovery,71163.84,21070.09,66459.78,77299.39,40493.04,42531.52
1756458747.7759,7.084524631500244,recovery,71182.88,20966.56,66321.91,77380.66,40381.73,42925.81
1756458747.7803822,7.0890069007873535,recovery,71246.45,21016.45,66412.3,77467.3,40501.63,42595.36
1756458747.7837975,7.092422246932983,recovery,71289.36,21182.75,66687.5,77531.67,40774.94,41710.77
1756458747.78828,7.096904754638672,recovery,71192.0,21190.53,66704.13,77574.59,40675.17,41822.61
1756458747.792762,7.101386785507202,recovery,71157.4,21038.71,66435.37,77746.25,40393.8,42646.59
1756458747.796243,7.104867696762085,recovery,71179.93,20945.64,66278.73,77964.31,40279.54,43035.51
1756458747.800782,7.1094067096710205,recovery,71235.72,20988.82,66350.08,78200.61,40391.66,42694.06
1756458747.8042688,7.112893581390381,recovery,71289.63,21136.88,66602.2,78418.68,40669.26,41787.75
1756458747.8088515,7.117476224899292,recovery,71227.67,21145.73,66601.67,78587.12,40581.02,41870.09
1756458747.8122818,7.120906591415405,recovery,71229.02,21003.84,66334.79,78811.62,40302.61,42687.36
1756458747.816855,7.125479698181152,recovery,71289.63,20901.11,66181.9,79005.81,40192.64,43063.94
1756458747.820285,7.1289098262786865,recovery,71426.16,20946.18,66266.93,79160.31,40324.6,42703.99
1756458747.8247843,7.133409023284912,recovery,71574.75,21099.87,66541.05,79263.57,40617.5,41798.21
1756458747.8282018,7.136826515197754,recovery,71607.21,21116.5,66580.75,79352.89,40526.84,41900.94
1756458747.832685,7.14130973815918,recovery,71669.17,20969.24,66342.57,79506.31,40253.52,42712.04
1756458747.8360965,7.144721269607544,recovery,71778.33,20875.37,66207.92,79633.99,40148.11,43099.08
1756458747.8405771,7.1492018699646,recovery,71925.05,20920.43,66288.92,79714.72,40280.34,42750.66
1756458747.843994,7.152618646621704,recovery,72060.5,21071.97,66542.66,79736.45,40578.07,41848.36
1756458747.8484743,7.157099008560181,recovery,72066.67,21097.72,66577.53,79753.88,40516.38,41930.98
1756458747.851884,7.160508632659912,recovery,72061.3,20970.05,66350.34,79843.73,40266.13,42733.22
1756458747.856363,7.164987802505493,recovery,72067.21,20871.07,66207.92,79901.67,40167.42,43102.03
1756458747.8608468,7.169471502304077,recovery,72121.92,20927.67,66279.53,79936.54,40314.68,42745.29
1756458747.864264,7.17288875579834,recovery,72177.44,21097.99,66518.52,79916.96,40618.3,41836.83
1756458747.868747,7.1773717403411865,recovery,72111.73,21146.54,66558.48,79916.69,40568.68,41921.86
1756458747.872158,7.180782794952393,recovery,72049.23,21025.57,66343.1,79986.16,40326.21,42743.69
1756458747.8766415,7.1852662563323975,recovery,72044.67,20946.18,66209.26,80004.94,40242.26,43131.0
1756458747.8800561,7.18868088722229,recovery,72090.54,20997.41,66283.02,79962.56,40389.24,42778.82
1756458747.8845367,7.193161487579346,recovery,72145.79,21152.97,66537.56,79879.14,40697.43,41871.43
1756458747.8879423,7.196567058563232,recovery,72088.93,21182.21,66573.5,79850.17,40634.93,41951.63
1756458747.8924217,7.201046466827393,recovery,72055.94,21058.56,66342.57,79937.61,40393.0,42737.52
1756458747.8970098,7.205634593963623,recovery,72059.43,20966.29,66208.72,79984.82,40313.34,43101.76
1756458747.900438,7.209062814712524,recovery,72120.85,21010.55,66296.43,79960.68,40449.32,42752.8
1756458747.9049692,7.21359395980835,recovery,72191.66,21159.68,66555.53,79877.53,40743.03,41841.39
1756458747.9085598,7.217184543609619,recovery,72146.33,21191.6,66590.67,79840.78,40680.8,41914.61
1756458747.9119806,7.220605373382568,recovery,72105.02,21074.92,66371.53,79913.2,40432.16,42734.3
1756458747.916463,7.225087642669678,recovery,72114.68,21004.38,66248.69,79959.07,40354.64,43118.39
1756458747.920944,7.229568719863892,recovery,72153.84,21058.02,66340.69,79925.81,40492.51,42772.92
1756458747.9243698,7.232994556427002,recovery,72201.05,21204.47,66602.2,79822.01,40776.02,41870.89
1756458747.9288676,7.237492322921753,recovery,72151.16,21239.34,66636.27,79764.88,40710.3,41959.41
1756458747.9322877,7.240912437438965,recovery,72127.29,21130.18,66406.67,79819.33,40462.2,42772.92
1756458747.9367683,7.2453930377960205,recovery,72150.09,21045.69,66269.07,79835.15,40368.59,43152.19
1756458747.9401758,7.24880051612854,recovery,72232.97,21093.7,66360.81,79790.09,40495.73,42810.47
1756458747.9446566,7.253281354904175,recovery,72323.36,21247.66,66638.15,79690.04,40771.46,41940.1
1756458747.9480722,7.256696939468384,recovery,72275.08,21281.72,66668.19,79628.35,40699.31,42045.77
1756458747.952557,7.261181831359863,recovery,72238.06,21162.36,66427.06,79676.1,40450.13,42853.39
1756458747.9559658,7.264590501785278,recovery,72263.81,21078.68,66288.12,79700.5,40367.25,43224.87
1756458747.9604478,7.269072532653809,recovery,72333.28,21125.08,66378.78,79666.71,40498.94,42879.94
1756458747.9649265,7.2735512256622314,recovery,72402.21,21275.01,66647.0,79575.78,40773.33,41988.38
1756458747.968349,7.276973724365234,recovery,72335.96,21302.91,66681.33,79518.38,40710.84,42087.35
1756458747.9728289,7.281453609466553,recovery,72272.13,21187.31,66457.9,79575.25,40480.17,42901.13
1756458747.976247,7.284871816635132,recovery,72249.86,21104.69,66332.64,79603.41,40397.83,43280.4
1756458747.9807296,7.28935432434082,recovery,72276.42,21141.44,66420.62,79576.05,40527.11,42918.03
1756458747.9841437,7.292768478393555,recovery,72315.31,21295.67,66690.18,79496.39,40804.18,42012.52
1756458747.9886217,7.29724645614624,recovery,72234.04,21330.8,66733.36,79438.72,40750.8,42116.32
1756458747.9920325,7.300657272338867,recovery,72189.51,21214.13,66503.77,79495.58,40527.38,42930.1
1756458747.9965749,7.30519962310791,recovery,72200.24,21131.78,66358.66,79536.09,40446.11,43298.63
1756458748.00108,7.309704780578613,recovery,72257.64,21170.68,66437.78,79520.53,40566.8,42938.68
1756458748.0045788,7.313203573226929,recovery,72324.16,21318.2,66694.47,79446.5,40830.2,42033.97
1756458748.0091512,7.3177759647369385,recovery,72269.18,21349.85,66725.05,79393.66,40780.58,42125.7
1756458748.0125802,7.321204900741577,recovery,72232.7,21236.12,66498.67,79453.47,40558.76,42945.92
1756458748.0170624,7.3256871700286865,recovery,72242.35,21143.32,66357.85,79484.05,40469.98,43320.09
1756458748.0205228,7.329147577285767,recovery,72311.02,21186.23,66441.27,79472.78,40583.17,42968.45
1756458748.0250268,7.333651542663574,recovery,72378.88,21335.36,66701.18,79417.8,40842.27,42067.23
1756458748.0284486,7.33707332611084,recovery,72313.16,21359.5,66718.88,79422.63,40781.65,42152.26
1756458748.0329273,7.341552019119263,recovery,72261.93,21232.37,66476.14,79563.44,40543.2,42952.9
1756458748.036343,7.344967842102051,recovery,72275.34,21142.25,66326.74,79678.51,40460.59,43293.0
1756458748.0408247,7.349449396133423,recovery,72350.18,21182.48,66419.81,79746.64,40593.36,42915.08
1756458748.044239,7.352863788604736,recovery,72416.43,21329.2,66695.01,79765.41,40845.75,42025.93
1756458748.0487156,7.357340335845947,recovery,72372.44,21345.29,66727.73,79802.16,40774.41,42133.75
1756458748.052143,7.360767841339111,recovery,72367.61,21222.71,66501.08,79948.07,40537.3,42957.73
1756458748.0566332,7.365257978439331,recovery,72389.61,21132.05,66362.68,80067.7,40446.91,43338.87
1756458748.0611215,7.369746208190918,recovery,72440.84,21162.36,66439.13,80107.93,40554.47,42996.62
1756458748.0645423,7.373167037963867,recovery,72480.8,21304.52,66695.28,80104.71,40813.3,42109.88
1756458748.0690198,7.3776445388793945,recovery,72403.29,21322.22,66716.73,80164.53,40747.32,42212.34
1756458748.0724363,7.38106107711792,recovery,72335.43,21187.84,66475.6,80308.56,40519.6,43023.98
1756458748.0769186,7.385543346405029,recovery,72281.25,21081.63,66337.74,80378.03,40435.11,43410.48
1756458748.0803342,7.388958930969238,recovery,72266.76,21119.45,66424.64,80366.5,40551.52,43077.08
1756458748.084815,7.393439769744873,recovery,72245.04,21269.11,66676.77,80308.83,40821.35,42178.28
1756458748.0882304,7.396855115890503,recovery,72144.45,21295.67,66707.88,80343.7,40773.87,42278.59
1756458748.0927064,7.401331186294556,recovery,72073.37,21156.73,66479.09,80479.95,40562.51,43083.79
1756458748.096248,7.40487265586853,recovery,72026.44,21044.61,66333.98,80530.65,40471.85,43452.06
1756458748.100796,7.409420728683472,recovery,72039.85,21089.14,66405.06,80482.64,40584.51,43101.22
1756458748.1042743,7.412899017333984,recovery,72051.92,21254.63,66652.09,80372.13,40842.27,42209.66
1756458748.1088698,7.417494535446167,recovery,71976.81,21277.43,66692.86,80364.35,40792.91,42318.29
1756458748.1123273,7.420952081680298,recovery,71938.73,21145.73,66494.11,80459.84,40589.33,43143.33
1756458748.1168125,7.4254372119903564,recovery,71919.95,21048.1,66375.56,80463.06,40516.11,43541.11
1756458748.1202302,7.428854942321777,recovery,71933.63,21092.36,66443.15,80351.21,40621.52,43196.44
1756458748.124726,7.4333508014678955,recovery,71944.9,21259.19,66677.31,80171.5,40867.75,42294.68
1756458748.129244,7.43786883354187,recovery,71877.57,21276.09,66712.17,80125.63,40830.2,42397.41
1756458748.1326654,7.4412901401519775,recovery,71835.73,21127.49,66491.7,80205.3,40648.08,43195.1
1756458748.1371443,7.4457690715789795,recovery,71818.3,21018.33,66354.9,80194.3,40586.12,43555.32
1756458748.140561,7.449185848236084,recovery,71837.34,21065.53,66430.54,80050.8,40698.23,43183.03
1756458748.1450372,7.453661918640137,recovery,71859.07,21236.12,66686.69,79834.88,40924.88,42279.4
1756458748.1484482,7.457072973251343,recovery,71803.01,21258.92,66718.34,79759.24,40909.59,42370.59
1756458748.152928,7.461552858352661,recovery,71784.23,21134.74,66499.74,79787.41,40776.55,43161.04
1756458748.1563442,7.464968919754028,recovery,71801.4,21071.17,66397.28,79713.65,40765.02,43529.3
1756458748.160825,7.469449758529663,recovery,71832.51,21142.78,66505.91,79480.3,40873.38,43173.91
1756458748.1642401,7.472864866256714,recovery,71852.9,21323.29,66784.59,79146.09,41071.33,42280.74
1756458748.1687212,7.477345943450928,recovery,71781.01,21351.73,66823.75,79011.71,41065.96,42386.95
1756458748.1732016,7.481826305389404,recovery,71721.74,21205.55,66590.94,79050.34,40941.51,43180.35
1756458748.1766167,7.485241413116455,recovery,71697.33,21104.96,66454.68,79011.44,40892.69,43537.62
1756458748.1811428,7.489767551422119,recovery,71732.73,21152.17,66546.68,78825.84,40973.16,43171.5
1756458748.1845691,7.493193864822388,recovery,71770.82,21323.29,66824.29,78541.25,41139.72,42284.49
1756458748.189056,7.4976806640625,recovery,71715.3,21349.04,66849.77,78453.01,41123.09,42381.86
1756458748.192473,7.501097679138184,recovery,71673.46,21208.23,66607.57,78527.57,41011.78,43165.06
1756458748.1970115,7.505636215209961,recovery,71670.24,21116.76,66468.09,78506.12,40977.18,43507.85
1756458748.2004488,7.509073495864868,recovery,71712.08,21175.77,66563.85,78349.74,41054.97,43141.73
1756458748.2050302,7.513654947280884,recovery,71751.51,21354.94,66845.48,78108.88,41215.09,42268.67
1756458748.2085433,7.517168045043945,recovery,71684.19,21372.92,66869.35,78053.09,41208.93,42383.73
1756458748.2130308,7.521655559539795,recovery,71627.86,21213.86,66628.49,78153.67,41103.25,43203.95
1756458748.2164502,7.5250749588012695,recovery,71610.96,21095.58,66482.85,78158.5,41046.65,43569.54
1756458748.2209756,7.529600381851196,recovery,71654.15,21146.0,66568.14,78033.51,41098.95,43193.76
1756458748.2244115,7.533036231994629,recovery,71700.55,21324.37,66842.8,77829.13,41248.62,42302.73
1756458748.228893,7.537517786026001,recovery,71643.15,21346.63,66864.26,77797.75,41233.07,42405.46
1756458748.2323132,7.540937900543213,recovery,71599.96,21193.21,66620.98,77918.44,41127.65,43195.91
1756458748.2368274,7.545452117919922,recovery,71597.28,21089.94,66488.75,77952.24,41086.88,43563.37
1756458748.2413163,7.549941062927246,recovery,71640.47,21137.95,66585.57,77851.93,41139.72,43211.19
1756458748.2447352,7.5533599853515625,recovery,71689.82,21319.81,66872.3,77659.08,41269.54,42335.45
1756458748.2492125,7.557837247848511,recovery,71629.2,21355.75,66916.56,77640.03,41277.59,42447.57
1756458748.2526262,7.561250925064087,recovery,71584.68,21218.42,66687.5,77780.31,41221.26,43244.19
1756458748.2571015,7.565726280212402,recovery,71578.24,21124.54,66554.73,77832.35,41193.1,43604.41
1756458748.2605145,7.569139242172241,recovery,71633.49,21205.01,66651.29,77756.98,41222.87,43242.31
1756458748.2650046,7.573629379272461,recovery,71684.45,21427.36,66929.43,77599.53,41320.51,42353.42
1756458748.2684197,7.577044486999512,recovery,71611.23,21471.35,66977.98,77636.54,41315.41,42452.93
1756458748.2729008,7.581525564193726,recovery,71543.91,21320.61,66772.52,77827.52,41225.82,43242.04
1756458748.2773848,7.586009502410889,recovery,71495.89,21237.2,66663.9,77904.77,41149.38,43612.45
1756458748.2808025,7.58942723274231,recovery,71504.48,21368.09,66773.33,77845.49,41144.02,43250.35
1756458748.2852838,7.5939085483551025,recovery,71522.18,21677.88,67062.47,77695.82,41215.9,42358.25
1756458748.2886999,7.59732460975647,recovery,71443.59,21780.88,67131.4,77699.31,41174.32,42458.57
1756458748.2931771,7.601801872253418,recovery,71407.11,21675.2,66948.21,77847.37,41051.48,43236.14
1756458748.2966795,7.60530424118042,recovery,71396.92,21641.14,66853.53,77886.53,40971.01,43568.46
1756458748.3012679,7.6098926067352295,recovery,71430.72,21812.26,66977.98,77788.63,40999.18,43184.37
1756458748.304762,7.613386631011963,recovery,71457.54,22134.39,67277.58,77605.43,41129.8,42307.29
1756458748.3093529,7.617977619171143,recovery,71404.43,22206.55,67328.01,77584.51,41092.25,42429.6
1756458748.3127775,7.621402263641357,recovery,71382.71,22035.42,67098.68,77704.4,40938.02,43209.85
1756458748.3173006,7.625925302505493,recovery,71392.9,21958.17,66976.37,77743.3,40853.53,43555.86
1756458748.3207245,7.629349231719971,recovery,71433.4,22088.8,67084.47,77658.0,40902.08,43181.69
1756458748.325218,7.633842706680298,recovery,71470.15,22389.74,67366.63,77485.54,41057.65,42287.17
1756458748.3286364,7.637261152267456,recovery,71419.45,22421.66,67385.14,77471.05,41021.17,42377.3
1756458748.3331583,7.641782999038696,recovery,71414.09,22217.81,67145.35,77607.31,40873.11,43161.04
1756458748.336583,7.645207643508911,recovery,71434.2,22102.21,67012.58,77655.59,40805.52,43504.36
1756458748.341068,7.64969277381897,recovery,71483.02,22210.3,67113.7,77573.24,40864.26,43124.83
1756458748.3444796,7.653104305267334,recovery,71522.45,22487.91,67392.92,77405.34,41023.85,42234.87
1756458748.349001,7.657625675201416,recovery,71490.26,22515.0,67410.89,77408.83,40995.96,42338.94
1756458748.352425,7.661049842834473,recovery,71494.02,22298.28,67161.18,77549.37,40850.05,43111.42
1756458748.356906,7.665530681610107,recovery,71524.59,22181.87,67025.73,77602.48,40781.92,43451.25
1756458748.3613877,7.670012474060059,recovery,71578.78,22280.58,67122.55,77529.52,40849.78,43057.77
1756458748.3648076,7.673432350158691,recovery,71621.15,22554.97,67400.43,77375.83,41023.32,42157.09
1756458748.3692927,7.67791748046875,recovery,71588.7,22572.67,67416.25,77378.52,40999.44,42251.5
1756458748.3727102,7.681334972381592,recovery,71597.28,22350.85,67173.78,77531.13,40859.17,43029.61
1756458748.3771927,7.68581748008728,recovery,71622.5,22225.32,67032.7,77590.68,40790.5,43357.64
1756458748.3806062,7.689230918884277,recovery,71675.87,22323.76,67125.5,77525.5,40862.92,42970.06
1756458748.3850856,7.6937103271484375,recovery,71718.79,22591.17,67393.99,77376.64,41039.68,42089.49
1756458748.3884988,7.6971235275268555,recovery,71679.89,22587.69,67399.36,77378.25,41005.61,42198.66
1756458748.3929813,7.701606035232544,recovery,71677.21,22344.41,67139.18,77510.48,40846.83,42968.45
1756458748.397648,7.706272840499878,recovery,71692.77,22200.91,66983.88,77547.5,40755.1,43311.24
1756458748.4010925,7.709717273712158,recovery,71738.63,22284.87,67063.01,77480.71,40818.93,42942.71
1756458748.404511,7.713135719299316,recovery,71783.7,22559.79,67319.16,77342.57,41001.32,42058.38
1756458748.4091628,7.717787504196167,recovery,71743.19,22561.4,67315.14,77342.31,40974.5,42147.97
1756458748.412602,7.721226692199707,recovery,71755.26,22339.05,67070.25,77483.39,40829.39,42927.15
1756458748.417081,7.725705862045288,recovery,71799.25,22221.57,66928.36,77537.03,40763.14,43265.91
1756458748.4205055,7.729130268096924,recovery,71870.06,22330.2,67014.46,77471.59,40840.12,42882.09
1756458748.425119,7.733743667602539,recovery,71927.73,22609.95,67278.66,77332.92,41029.75,42005.27
1756458748.4285412,7.737165927886963,recovery,71900.64,22606.73,67290.46,77331.58,40995.69,42128.12
1756458748.433005,7.7416298389434814,recovery,71917.0,22364.26,67039.94,77459.79,40831.54,42901.13
1756458748.4374888,7.746113538742065,recovery,71971.99,22240.07,66898.32,77509.94,40759.12,43232.12
1756458748.4409447,7.749569416046143,recovery,72054.33,22331.54,66985.22,77453.08,40838.24,42854.19
1756458748.4454346,7.754059314727783,recovery,72139.36,22591.71,67248.88,77328.9,41026.54,41988.91
1756458748.448848,7.75747275352478,recovery,72145.79,22577.23,67259.08,77336.41,40985.5,42122.22
1756458748.4533293,7.761954069137573,recovery,72191.66,22336.1,67001.85,77471.32,40819.47,42898.72
1756458748.4567854,7.7654101848602295,recovery,72269.44,22203.06,66854.33,77531.4,40756.7,43237.21
1756458748.4612768,7.769901514053345,recovery,72383.44,22288.62,66923.8,77480.17,40839.05,42864.12
1756458748.464692,7.773316860198975,recovery,72495.82,22545.04,67167.08,77354.91,41031.9,42006.35
1756458748.469176,7.777800798416138,recovery,72499.58,22527.61,67177.81,77353.3,40980.94,42147.97
1756458748.4725914,7.781216144561768,recovery,72525.59,22279.5,66942.84,77478.83,40801.23,42935.73
1756458748.4770696,7.785694360733032,recovery,72591.31,22151.83,66804.17,77525.23,40725.59,43267.79
1756458748.481551,7.790175676345825,recovery,72695.65,22233.9,66872.03,77463.01,40809.01,42882.62
1756458748.484961,7.793585777282715,recovery,72812.05,22482.01,67111.82,77334.53,41013.66,42021.37
1756458748.4894435,7.798068284988403,recovery,72812.86,22456.8,67148.84,77331.58,40965.11,42182.03
1756458748.4928536,7.801478385925293,recovery,72827.34,22197.16,66923.53,77456.3,40774.14,42970.6
1756458748.4974132,7.806037902832031,recovery,72891.98,22050.17,66778.69,77509.94,40699.31,43302.93
1756458748.500888,7.8095128536224365,recovery,73000.61,22099.26,66839.31,77459.25,40799.89,42936.27
1756458748.505405,7.814029693603516,recovery,73118.63,22298.81,67064.35,77338.82,41013.12,42100.76
1756458748.508978,7.817602634429932,recovery,73115.41,22267.97,67069.18,77337.48,40969.67,42234.87
1756458748.513476,7.822100639343262,recovery,73114.07,22034.08,66835.02,77464.61,40792.65,43010.83
1756458748.5169375,7.825562238693237,recovery,73136.6,21868.86,66669.26,77503.24,40709.23,43334.31
1756458748.5214326,7.830057382583618,recovery,73230.75,21909.09,66711.64,77446.38,40810.08,42937.61
1756458748.5251067,7.833731412887573,recovery,73342.86,22105.7,66942.31,77325.94,41026.8,42095.66
1756458748.5295994,7.838224172592163,recovery,73321.14,22079.14,66960.28,77321.65,40971.01,42240.23
1756458748.5330107,7.841635465621948,recovery,73306.39,21864.03,66731.75,77449.59,40788.89,43007.35
1756458748.5374892,7.846113920211792,recovery,73327.84,21722.14,66590.94,77501.36,40720.76,43326.8
1756458748.5409014,7.8495261669158936,recovery,73404.82,21756.47,66655.85,77449.06,40821.08,42938.95
1756458748.5453832,7.854007959365845,recovery,73511.58,21937.52,66901.0,77333.19,41046.38,42080.11
1756458748.5487998,7.85742449760437,recovery,73478.05,21917.4,66922.73,77333.99,41002.66,42214.22
1756458748.553282,7.8619067668914795,recovery,73437.81,21710.34,66683.48,77448.25,40811.96,42977.31
1756458748.5566978,7.865322589874268,recovery,73457.13,21586.15,66543.2,77488.22,40734.17,43301.05
1756458748.5611784,7.869803190231323,recovery,73543.76,21615.39,66612.93,77432.96,40837.44,42914.27
1756458748.5656588,7.8742835521698,recovery,73663.66,21787.32,66861.04,77321.38,41067.57,42051.14
1756458748.5690672,7.877691984176636,recovery,73641.66,21790.0,66865.06,77315.75,41015.0,42192.22
1756458748.573545,7.882169723510742,recovery,73605.45,21610.29,66594.16,77424.38,40814.37,42953.7
1756458748.5769563,7.885581016540527,recovery,73617.52,21500.86,66431.35,77458.98,40732.03,43269.67
1756458748.581493,7.890117645263672,recovery,73707.91,21563.08,66503.5,77406.95,40830.73,42887.99
1756458748.584914,7.8935387134552,recovery,73824.59,21755.67,66751.87,77297.25,41052.82,42040.14
1756458748.5893934,7.89801812171936,recovery,73796.43,21804.48,66726.39,77289.47,40989.79,42170.77
1756458748.5928078,7.901432514190674,recovery,73742.78,21695.05,66426.52,77386.83,40775.21,42934.93
1756458748.5973594,7.905984163284302,recovery,73741.17,21655.35,66237.96,77418.75,40688.84,43251.7
1756458748.6008239,7.909448623657227,recovery,73810.64,21766.4,66287.31,77370.47,40793.99,42868.14
1756458748.6053624,7.913987159729004,recovery,73902.64,22010.48,66533.81,77268.28,41019.83,42023.24
1756458748.6088789,7.917503595352173,recovery,73848.73,22121.79,66495.18,77262.64,40951.17,42174.79
1756458748.613369,7.921993732452393,recovery,73771.21,22054.2,66163.66,77357.86,40739.54,42943.78
1756458748.6167836,7.925408363342285,recovery,73732.86,22029.79,65962.23,77386.83,40659.61,43276.37
1756458748.621263,7.929887771606445,recovery,73783.28,22167.65,66009.97,77332.11,40777.09,42898.72
1756458748.6257527,7.934377431869507,recovery,73858.92,22413.61,66238.5,77218.66,41032.7,42054.09
1756458748.6291642,7.937788963317871,recovery,73794.82,22497.83,66174.12,77199.08,40989.25,42198.12
1756458748.6336389,7.942263603210449,recovery,73710.86,22395.91,65843.14,77277.93,40779.77,42967.38
1756458748.6370027,7.945627450942993,recovery,73681.63,22343.88,65651.9,77301.54,40710.03,43286.03
1756458748.641478,7.950102806091309,recovery,73726.15,22436.68,65719.76,77246.82,40840.93,42902.2
1756458748.6449463,7.953571081161499,recovery,73796.16,22647.5,65972.96,77134.17,41092.52,42058.65
1756458748.6494308,7.95805549621582,recovery,73720.25,22692.56,65919.58,77111.37,41045.04,42195.44
1756458748.6528418,7.961466550827026,recovery,73639.78,22561.4,65599.06,77202.83,40849.24,42936.27
1756458748.6573207,7.965945482254028,recovery,73615.38,22487.11,65424.71,77240.38,40786.75,43227.56
1756458748.6617982,7.970422983169556,recovery,73661.24,22557.65,65512.96,77200.15,40914.42,42833.54
1756458748.665211,7.973835706710815,recovery,73735.81,22751.3,65792.45,77103.86,41161.45,42000.18
1756458748.6696918,7.97831654548645,recovery,73667.14,22784.29,65755.16,77085.62,41104.32,42147.16
1756458748.673107,7.981731653213501,recovery,73580.51,22634.36,65446.98,77172.79,40890.01,42911.59
1756458748.6776345,7.98625922203064,recovery,73551.0,22538.34,65281.22,77210.34,40806.59,43224.87
1756458748.681055,7.98967981338501,recovery,73594.99,22594.66,65382.07,77179.5,40924.61,42847.22
1756458748.6855388,7.994163513183594,recovery,73667.95,22777.05,65666.92,77095.27,41169.5,42020.56
1756458748.6889477,7.997572422027588,recovery,73593.92,22799.85,65633.39,77089.64,41111.83,42160.57
