timestamp,recording_time,ch1,ch2,ch3,ch4,ch5,ch6
1756460353.9337385,7.423847675323486,105346.72,54006.82,104266.86,109122.19,62176.29,96747.02
1756460353.9371638,7.4272730350494385,105264.1,53910.8,104167.08,109198.37,62358.95,97662.99
1756460353.9416509,7.43176007270813,105571.48,54203.42,104299.04,108953.48,61833.24,96941.75
1756460353.9450662,7.43517541885376,105967.65,54610.05,104536.42,108622.77,61095.09,95104.97
1756460353.949559,7.43966817855835,105757.9,54425.51,104495.92,108762.78,61399.52,95130.99
1756460353.9529803,7.443089485168457,105338.13,54001.72,104258.81,109122.46,62177.63,96736.29
1756460353.9574661,7.447575330734253,105256.86,53904.09,104159.03,109195.15,62352.24,97647.17
1756460353.9608827,7.450991868972778,105571.48,54203.69,104299.04,108952.14,61824.39,96920.02
1756460353.965367,7.4554762840271,105970.33,54611.39,104536.15,108628.4,61096.7,95082.44
1756460353.968846,7.45895528793335,105753.61,54419.88,104487.6,108773.24,61413.47,95118.92
1756460353.9733343,7.4634435176849365,105329.28,53997.16,104259.35,109128.09,62192.12,96743.26
1756460353.9767501,7.466859340667725,105260.62,53913.21,104170.03,109202.12,62363.78,97652.8
1756460353.98123,7.471339225769043,105579.26,54213.62,104308.7,108960.72,61831.09,96910.63
1756460353.9857078,7.475816965103149,105970.87,54614.07,104544.47,108634.57,61103.94,95080.29
1756460353.9891279,7.479237079620361,105747.71,54415.59,104498.6,108782.09,61428.76,95149.49
1756460353.9936125,7.483721733093262,105331.96,53997.16,104260.96,109143.92,62206.06,96762.84
1756460353.9970288,7.487138032913208,105258.74,53908.38,104167.08,109213.12,62372.36,97652.26
1756460354.0015128,7.491621971130371,105581.41,54216.3,104302.8,108967.7,61832.43,96886.49
1756460354.004931,7.49504017829895,105972.74,54617.56,104534.01,108646.1,61108.24,95043.28
1756460354.0094056,7.499514818191528,105746.63,54417.2,104485.19,108794.16,61439.49,95125.08
1756460354.0128183,7.502927541732788,105326.6,53993.68,104255.32,109147.41,62214.91,96754.26
1756460354.0172975,7.507406711578369,105256.86,53908.65,104173.25,109210.17,62374.24,97656.29
1756460354.0207152,7.51082444190979,105582.21,54217.64,104320.23,108962.07,61830.55,96899.63
1756460354.0251944,7.515303611755371,105969.26,54613.8,104552.25,108642.08,61109.58,95067.15
1756460354.0296774,7.519786596298218,105740.2,54408.61,104500.75,108796.04,61449.41,95171.22
1756460354.033093,7.523202180862427,105320.7,53986.7,104269.81,109149.55,62220.28,96804.95
1756460354.0375762,7.5276854038238525,105256.06,53904.89,104180.22,109209.9,62371.29,97683.11
1756460354.040991,7.531100273132324,105578.73,54211.2,104320.77,108959.38,61824.39,96903.66
1756460354.0454776,7.535586833953857,105964.43,54606.56,104547.42,108642.35,61108.77,95064.2
1756460354.0488944,7.539003610610962,105731.08,54396.54,104481.7,108804.08,61456.12,95164.51
1756460354.0533755,7.543484687805176,105317.75,53982.68,104253.72,109157.33,62227.79,96799.32
1756460354.0567873,7.546896457672119,105257.67,53906.24,104172.71,109214.46,62373.17,97672.92
1756460354.0612686,7.551377773284912,105581.95,54216.3,104322.11,108962.33,61824.65,96888.1
1756460354.065759,7.555868148803711,105963.09,54610.05,104557.34,108641.01,61110.92,95069.83
1756460354.0692294,7.559338569641113,105723.83,54393.32,104490.55,108800.6,61459.87,95197.77
1756460354.073726,7.563835144042969,105306.48,53969.54,104252.91,109155.45,62229.4,96826.68
1756460354.0771363,7.5672454833984375,105245.6,53890.68,104167.62,109210.71,62372.09,97683.64
1756460354.081623,7.57173228263855,105578.46,54211.2,104318.89,108956.97,61817.68,96885.42
1756460354.085011,7.575120210647583,105958.8,54603.34,104553.32,108639.4,61109.58,95065.27
1756460354.0895066,7.579615831375122,105720.08,54389.03,104496.99,108804.62,61469.8,95228.08
1756460354.0929306,7.5830397605896,105311.58,53976.24,104270.61,109160.82,62239.59,96878.18
1756460354.0974112,7.587520360946655,105257.13,53904.09,104180.76,109217.41,62371.02,97711.27
1756460354.1008286,7.590937852859497,105589.46,54220.86,104322.11,108964.21,61812.58,96880.86
1756460354.105312,7.595421314239502,105960.67,54603.34,104549.29,108645.83,61108.24,95058.03
1756460354.1097932,7.599902391433716,105713.64,54381.52,104485.73,108810.79,61475.16,95234.25
1756460354.113208,7.6033172607421875,105305.14,53972.22,104259.62,109167.52,62244.15,96881.4
1756460354.1176903,7.607799530029297,105259.54,53912.14,104181.83,109217.95,62371.29,97716.9
1756460354.121106,7.611215114593506,105592.41,54225.95,104335.25,108959.12,61810.97,96895.61
1756460354.1255884,7.615697622299194,105967.11,54610.85,104571.56,108641.54,61109.84,95095.58
1756460354.1290107,7.619119882583618,105714.45,54380.72,104506.65,108808.91,61483.21,95295.94
1756460354.1334932,7.623602390289307,105302.46,53966.32,104272.22,109167.25,62249.25,96935.84
1756460354.1369112,7.627020359039307,105259.01,53905.97,104191.76,109220.63,62375.58,97759.01
1756460354.1413908,7.631500005722046,105598.04,54228.37,104338.74,108960.19,61807.22,96915.73
1756460354.1458747,7.635983943939209,105965.5,54608.97,104567.0,108645.03,61109.31,95108.72
1756460354.1492872,7.63939642906189,105713.11,54382.06,104502.36,108818.84,61492.06,95325.45
1756460354.1537688,7.643877983093262,105303.0,53967.39,104271.15,109170.74,62253.0,96968.84
1756460354.1571853,7.647294521331787,105258.74,53906.5,104188.81,109216.88,62368.34,97777.52
1756460354.1616752,7.651784420013428,105599.92,54230.51,104336.6,108955.36,61796.49,96919.75
1756460354.1650927,7.6552019119262695,105966.31,54609.51,104561.63,108645.83,61106.63,95112.21
1756460354.1696954,7.659804582595825,105708.81,54376.96,104486.53,108825.0,61496.62,95331.88
1756460354.173125,7.663234233856201,105299.78,53962.83,104250.23,109179.06,62258.9,96966.96
1756460354.177607,7.6677162647247314,105263.03,53912.67,104176.47,109225.19,62370.48,97767.6
1756460354.1810098,7.671118974685669,105600.99,54236.42,104330.43,108959.12,61795.42,96901.78
1756460354.1854863,7.67559552192688,105961.21,54610.85,104557.61,108647.17,61107.16,95104.7
1756460354.1888974,7.679006576538086,105704.25,54375.35,104487.07,108828.76,61505.47,95356.56
1756460354.1933756,7.683484792709351,105300.58,53963.63,104262.3,109177.98,62263.19,97012.56
1756460354.197861,7.687970161437988,105265.98,53907.84,104187.2,109216.07,62363.78,97795.22
1756460354.2012777,7.691386938095093,105609.84,54239.37,104337.94,108953.48,61782.81,96909.29
1756460354.2057555,7.695864677429199,105965.77,54612.73,104558.41,108646.37,61097.77,95107.92
1756460354.2091753,7.699284553527832,105698.35,54366.5,104474.19,108831.98,61502.52,95356.02
1756460354.2136593,7.703768491744995,105290.39,53951.56,104238.16,109185.76,62263.73,96991.63
1756460354.2170749,7.707184076309204,105254.98,53900.87,104171.1,109219.56,62363.78,97768.4
1756460354.2215545,7.711663722991943,105608.77,54240.44,104330.16,108951.87,61778.79,96874.96
1756460354.22497,7.715079307556152,105971.13,54617.29,104555.73,108649.32,61103.68,95085.12
1756460354.2294576,7.719566822052002,105704.52,54374.28,104480.9,108838.42,61518.88,95368.63
1756460354.233942,7.724051237106323,105296.02,53960.42,104242.99,109190.32,62273.39,97006.65
1756460354.2373486,7.727457761764526,105261.42,53911.06,104169.23,109224.39,62361.36,97755.8
1756460354.2418325,7.7319416999816895,105612.52,54246.34,104326.94,108955.09,61772.89,96845.99
1756460354.2452505,7.7353596687316895,105968.45,54615.14,104550.1,108652.27,61099.38,95060.71
1756460354.249733,7.739842176437378,105694.87,54365.97,104474.46,108840.83,61518.61,95362.19
1756460354.2531393,7.743248462677002,105292.54,53960.15,104244.6,109185.23,62268.56,97013.63
1756460354.257621,7.747730255126953,105272.96,53920.99,104178.61,109219.29,62354.39,97763.31
1756460354.2610316,7.751140832901001,105627.01,54255.19,104337.13,108948.92,61761.08,96840.09
1756460354.2655146,7.755623817443848,105979.72,54621.58,104556.27,108649.59,61093.48,95055.88
1756460354.2700548,7.760164022445679,105701.57,54366.77,104474.73,108845.12,61521.56,95369.7
1756460354.273475,7.763584136962891,105296.56,53956.93,104242.45,109192.47,62274.19,97015.77
1756460354.2779527,7.768061876296997,105276.98,53922.06,104177.81,109224.39,62356.27,97750.97
1756460354.2813678,7.771476984024048,105633.44,54261.63,104340.35,108952.14,61760.82,96816.49
1756460354.2858574,7.775966644287109,105984.28,54624.26,104564.32,108651.2,61096.43,95046.5
1756460354.2892747,7.779383897781372,105708.81,54371.6,104483.04,108851.83,61533.37,95382.85
1756460354.2937555,7.783864736557007,105308.36,53967.39,104250.23,109197.03,62282.77,97029.19
1756460354.297173,7.787282228469849,105290.39,53934.67,104187.73,109219.56,62353.85,97754.19
1756460354.3016584,7.791767597198486,105643.64,54272.89,104348.13,108941.41,61750.09,96806.56
1756460354.305081,7.795190095901489,105988.57,54632.31,104569.68,108644.49,61092.41,95039.79
1756460354.3095605,7.7996697425842285,105706.13,54371.87,104483.58,108846.19,61532.29,95390.89
1756460354.314041,7.804150104522705,105305.41,53963.63,104255.86,109187.37,62279.29,97047.96
1756460354.3174615,7.807570695877075,105292.0,53931.98,104200.61,109209.37,62347.42,97770.28
1756460354.3219445,7.812053680419922,105650.34,54275.31,104359.93,108932.83,61738.55,96805.49
1756460354.3253572,7.815466403961182,105992.32,54633.65,104577.46,108638.59,61084.63,95046.23
1756460354.329842,7.819951295852661,105706.13,54369.18,104492.7,108841.63,61533.9,95420.66
1756460354.333261,7.8233702182769775,105309.97,53963.37,104268.47,109181.2,62278.48,97082.56
1756460354.3377469,7.827856063842773,105295.75,53933.86,104210.8,109199.17,62336.96,97790.13
1756460354.341165,7.8312742710113525,105655.44,54280.94,104376.02,108919.15,61723.8,96822.12
1756460354.3456469,7.835756063461304,105993.93,54634.72,104600.26,108621.69,61074.71,95081.1
1756460354.349057,7.839166164398193,105711.76,54369.72,104515.77,108830.37,61527.2,95479.14
1756460354.3535357,7.843644857406616,105319.09,53969.27,104280.81,109177.98,62269.9,97127.09
1756460354.3580184,7.848127603530884,105312.38,53946.2,104220.99,109197.03,62326.76,97820.44
1756460354.3614354,7.851544618606567,105674.21,54291.13,104386.48,108914.32,61712.27,96836.07
1756460354.3659182,7.856027364730835,106008.42,54643.04,104603.74,108625.45,61069.34,95085.92
1756460354.3693964,7.859505653381348,105714.71,54371.6,104512.55,108838.95,61532.02,95490.13
1756460354.3738947,7.864003896713257,105319.09,53969.0,104277.86,109178.79,62269.1,97138.62
1756460354.3773108,7.867419958114624,105314.53,53946.74,104218.85,109192.2,62317.38,97814.8
1756460354.381806,7.871915102005005,105686.02,54304.28,104385.95,108916.2,61701.27,96807.1
1756460354.38523,7.8753392696380615,106017.27,54649.74,104604.28,108627.59,61068.0,95063.13
1756460354.3897152,7.87982439994812,105722.23,54376.96,104511.48,108843.78,61538.46,95489.06
1756460354.3931262,7.883235454559326,105331.16,53981.61,104282.95,109181.74,62273.92,97145.32
1756460354.3976073,7.88771653175354,105332.77,53964.17,104232.26,109196.22,62323.54,97818.29
1756460354.4020903,7.892199516296387,105703.72,54320.64,104406.6,108913.79,61703.15,96809.78
1756460354.4055047,7.8956139087677,106036.58,54667.18,104625.2,108627.33,61070.68,95076.27
1756460354.4099896,7.90009880065918,105740.2,54390.64,104525.42,108846.19,61544.09,95511.05
1756460354.413409,7.903518199920654,105344.3,53988.58,104290.73,109182.54,62279.29,97164.1
1756460354.4178934,7.908002614974976,105340.81,53968.19,104232.79,109188.44,62315.5,97815.88
1756460354.4213083,7.911417484283447,105714.71,54329.49,104399.63,108903.59,61685.18,96781.35
1756460354.425788,7.9158971309661865,106039.26,54671.47,104616.08,108616.33,61058.08,95051.06
1756460354.4291937,7.919302940368652,105743.95,54396.01,104520.33,108838.68,61542.22,95510.52
1756460354.4336731,7.9237823486328125,105353.42,53995.02,104289.12,109177.45,62275.53,97165.17
1756460354.43815,7.9282591342926025,105351.54,53974.36,104236.82,109177.72,62306.91,97813.46
1756460354.4415646,7.931673765182495,105724.37,54334.58,104410.62,108888.04,61671.77,96775.72
1756460354.4460382,7.936147451400757,106048.65,54674.42,104621.98,108608.28,61052.18,95050.25
1756460354.449455,7.939564228057861,105746.63,54393.06,104520.6,108835.2,61544.09,95527.15
1756460354.4539385,7.944047689437866,105355.84,53994.48,104290.73,109171.55,62275.0,97184.22
1756460354.4573512,7.947460412979126,105360.66,53981.61,104243.52,109171.01,62302.62,97829.02
1756460354.4618292,7.9519383907318115,105736.98,54346.39,104416.53,108883.48,61668.01,96777.86
1756460354.465247,7.955356121063232,106055.62,54685.15,104628.42,108607.75,61054.05,95059.64
1756460354.4697993,7.959908485412598,105749.85,54398.42,104532.13,108830.37,61549.46,95563.89
1756460354.4732237,7.963332891464233,105368.44,54004.4,104309.51,109164.3,62276.34,97237.06
1756460354.4777045,7.967813730239868,105380.51,53997.16,104264.18,109167.52,62299.4,97870.86
1756460354.4821877,7.972296953201294,105759.78,54365.43,104438.52,108878.92,61659.97,96811.39
1756460354.485605,7.975714206695557,106071.72,54696.41,104645.85,108605.6,61048.15,95099.07
1756460354.4900825,7.980191707611084,105761.12,54404.32,104537.23,108837.88,61550.26,95605.74
1756460354.4934945,7.9836037158966064,105375.15,54009.23,104309.51,109170.74,62276.07,97270.85
1756460354.4979763,7.988085508346558,105387.75,54007.35,104265.79,109162.16,62286.53,97893.39
1756460354.5013952,7.991504430770874,105761.65,54364.89,104444.15,108865.24,61640.92,96827.48
1756460354.5058806,7.995989799499512,106071.45,54690.51,104663.29,108588.7,61038.23,95148.96
1756460354.5093017,7.99941086769104,105761.12,54398.15,104564.32,108822.32,61547.58,95701.76
1756460354.5137806,8.003889799118042,105376.76,54005.21,104330.16,109156.26,62268.29,97362.32
1756460354.518258,8.00836730003357,105393.65,54003.33,104284.56,109150.09,62274.19,97965.81
1756460354.5216737,8.011782884597778,105777.75,54370.79,104458.9,108860.41,61626.44,96874.15
1756460354.526146,8.016255140304565,106082.18,54696.41,104660.87,108595.41,61031.26,95173.36
1756460354.5295606,8.019669771194458,105762.46,54397.08,104541.25,108835.47,61550.8,95700.15
1756460354.5340369,8.02414608001709,105375.68,54004.14,104307.09,109164.3,62271.78,97345.69
1756460354.537451,8.027560234069824,105394.46,54008.96,104267.66,109155.99,62276.87,97936.58
1756460354.541933,8.032042264938354,105781.77,54381.25,104447.64,108859.61,61624.02,96837.14
1756460354.5453513,8.035460472106934,106082.45,54698.02,104653.36,108592.99,61033.13,95155.93
1756460354.549833,8.039942264556885,105760.58,54396.01,104541.52,108834.93,61560.19,95720.27
1756460354.5543132,8.044422388076782,105383.73,54013.79,104312.99,109168.6,62279.82,97371.7
1756460354.5577278,8.047837018966675,105407.87,54024.25,104276.25,109156.26,62276.07,97947.84
1756460354.5622025,8.052311658859253,105784.99,54384.47,104455.42,108854.24,61617.05,96837.94
1756460354.5656183,8.055727481842041,106080.84,54695.88,104657.92,108591.38,61031.26,95165.85
1756460354.5701778,8.06028699874878,105758.43,54394.93,104537.76,108841.63,61563.14,95732.87
1756460354.573605,8.063714265823364,105376.22,54005.48,104304.95,109169.94,62280.36,97381.09
1756460354.5780783,8.068187475204468,105400.36,54012.45,104267.13,109153.31,62272.05,97943.82
1756460354.5814922,8.071601390838623,105790.62,54388.76,104444.96,108857.19,61611.15,96807.37
1756460354.5859778,8.07608699798584,106086.74,54702.85,104639.95,108602.38,61033.4,95128.04
1756460354.589391,8.079500198364258,105758.17,54394.93,104517.38,108853.17,61573.6,95706.86
1756460354.5938728,8.083981990814209,105381.58,54012.45,104288.58,109178.25,62288.41,97350.51
1756460354.59835,8.088459253311157,105414.04,54028.54,104255.59,109158.67,62275.0,97902.78
1756460354.6017642,8.091873407363892,105798.4,54398.15,104437.72,108856.12,61609.27,96760.43
1756460354.606243,8.096352100372314,106085.13,54702.32,104636.2,108597.02,61034.21,95101.48
1756460354.6096604,8.099769592285156,105754.95,54392.52,104517.91,108845.12,61574.4,95708.73
1756460354.6141398,8.104249000549316,105378.37,54009.23,104294.22,109168.06,62284.38,97364.19
1756460354.6175551,8.107664346694946,105414.31,54027.47,104264.18,109149.02,62263.19,97903.32
1756460354.6220272,8.112136363983154,105801.35,54398.96,104448.18,108843.24,61591.84,96748.63
1756460354.625446,8.11555528640747,106080.84,54697.76,104646.66,108585.48,61025.35,95105.5
1756460354.6299272,8.120036363601685,105752.27,54389.57,104524.62,108843.51,61576.01,95726.44
1756460354.6344023,8.124511480331421,105382.66,54009.77,104294.49,109169.67,62283.85,97363.92
1756460354.6378148,8.127923965454102,105415.11,54028.01,104263.91,109144.19,62259.71,97889.37
1756460354.642295,8.132404088973999,105805.37,54402.98,104443.62,108840.83,61587.28,96714.03
1756460354.64571,8.13581919670105,106083.52,54700.71,104636.74,108591.65,61032.6,95070.64
1756460354.6501877,8.140296936035156,105747.97,54383.13,104520.06,108846.19,61589.16,95715.98
1756460354.6535988,8.143707990646362,105378.37,54004.4,104290.46,109168.06,62289.21,97355.07
1756460354.6580815,8.14819073677063,105419.4,54028.81,104265.52,109141.51,62258.37,97875.42
1756460354.6614962,8.151605367660522,105812.88,54409.42,104460.51,108834.12,61584.6,96711.61
1756460354.6659734,8.15608263015747,106088.35,54703.92,104660.61,108586.02,61033.67,95102.82
1756460354.669461,8.159570217132568,105750.92,54382.6,104534.54,108845.12,61594.52,95765.33
1756460354.67396,8.164069175720215,105379.98,54000.65,104301.19,109167.79,62294.58,97396.11
1756460354.6784399,8.168549060821533,105422.09,54026.67,104270.88,109142.04,62258.37,97895.81
1756460354.6818526,8.171961784362793,105815.57,54408.08,104456.76,108834.66,61577.35,96703.3
1756460354.6863337,8.176442861557007,106085.4,54695.88,104651.22,108586.02,61031.26,95094.78
1756460354.6897511,8.179860353469849,105741.81,54372.67,104525.16,108846.46,61599.88,95772.57
1756460354.6942358,8.184345006942749,105376.76,54000.38,104300.12,109165.65,62296.19,97417.57
1756460354.6976538,8.187762975692749,105425.04,54032.03,104275.71,109136.68,62250.86,97912.97
1756460354.7021317,8.192240953445435,105825.22,54415.59,104468.83,108831.44,61569.58,96713.76
1756460354.7055473,8.195656538009644,106092.1,54698.83,104662.22,108591.12,61034.74,95110.87
1756460354.7100239,8.200133085250854,105743.41,54372.94,104531.86,108850.75,61607.13,95804.76
1756460354.7145052,8.204614400863647,105375.15,53997.43,104305.48,109163.23,62297.79,97446.27
1756460354.7179217,8.208030939102173,105428.52,54029.89,104280.27,109131.31,62247.64,97919.95
1756460354.7224014,8.212510585784912,105831.66,54421.76,104476.07,108825.54,61562.33,96712.68
1756460354.7258193,8.215928554534912,106084.32,54696.15,104665.97,108586.56,61035.28,95128.3
1756460354.730304,8.220413208007812,105737.51,54369.18,104533.74,108852.09,61613.3,95842.31
1756460354.7337227,8.22383189201355,105376.22,53999.31,104312.99,109161.89,62298.06,97490.53
1756460354.7382011,8.228310346603394,105428.52,54033.91,104291.27,109124.61,62241.74,97960.98
1756460354.7416182,8.231727361679077,105826.83,54418.0,104484.92,108810.25,61549.19,96742.73
1756460354.7460985,8.236207723617554,106085.66,54695.34,104659.8,108582.26,61026.7,95145.74
1756460354.7495134,8.239622592926025,105731.08,54360.6,104514.69,108853.17,61613.83,95850.35
1756460354.7539902,8.244099378585815,105365.49,53985.9,104289.39,109162.69,62299.14,97480.87
1756460354.75847,8.248579263687134,105423.96,54028.81,104270.88,109125.14,62239.86,97938.45
1756460354.7618873,8.251996517181396,105827.37,54423.63,104464.81,108815.62,61547.58,96700.08
1756460354.7663713,8.25648045539856,106080.3,54698.02,104649.88,108586.02,61036.08,95128.3
1756460354.7698238,8.25993299484253,105731.08,54365.97,104514.16,108861.21,61630.73,95864.3
1756460354.7743242,8.26443338394165,105366.3,53990.46,104295.02,109169.4,62311.47,97499.38
1756460354.7777426,8.267851829528809,105426.65,54035.25,104290.46,109128.09,62246.3,97961.25
1756460354.7822163,8.27232551574707,105832.2,54428.46,104485.46,108812.93,61546.78,96715.9
1756460354.7856297,8.275738954544067,106075.47,54692.93,104663.29,108584.14,61040.11,95154.32
1756460354.790076,8.280185222625732,105723.57,54357.38,104526.5,108859.34,61637.97,95913.12
1756460354.7945523,8.284661531448364,105362.27,53985.9,104300.92,109169.13,62312.55,97542.83
1756460354.7979674,8.288076639175415,105423.96,54030.69,104279.73,109127.83,62236.64,97965.28
1756460354.8024526,8.292561769485474,105826.03,54423.1,104473.92,108811.59,61535.24,96699.01
1756460354.8058674,8.295976638793945,106066.35,54685.95,104653.63,108587.36,61036.08,95148.15
1756460354.8103404,8.30044960975647,105700.23,54337.27,104508.53,108861.21,61638.24,95911.51
1756460354.813753,8.30386209487915,105345.64,53973.83,104283.76,109166.18,62310.67,97537.46
1756460354.8182352,8.30834436416626,105412.16,54025.59,104270.08,109120.58,62229.4,97951.06
1756460354.8216524,8.311761617660522,105813.42,54413.71,104461.59,108800.86,61522.1,96671.11
1756460354.8261251,8.316234350204468,106051.06,54671.74,104636.2,108579.58,61031.26,95129.64
1756460354.8306084,8.320717573165894,105690.31,54330.56,104492.7,108861.75,61642.53,95912.58
1756460354.8340175,8.324126720428467,105336.79,53972.22,104271.42,109169.67,62312.28,97534.78
1756460354.8384953,8.328604459762573,105406.53,54025.33,104256.13,109122.73,62228.33,97933.36
1756460354.8419094,8.332018613815308,105812.35,54415.59,104446.83,108804.08,61519.42,96630.34
1756460354.846384,8.336493253707886,106045.97,54670.93,104621.18,108586.02,61037.42,95101.21
1756460354.849801,8.33991026878357,105672.6,54316.08,104484.92,108860.95,61650.04,95914.73
1756460354.8542783,8.344387531280518,105325.79,53962.29,104271.42,109166.18,62313.89,97547.39
1756460354.8576953,8.347804546356201,105397.95,54018.08,104266.86,109112.0,62221.35,97952.4
1756460354.8621762,8.352285385131836,105808.59,54413.17,104463.46,108792.55,61510.3,96650.19
1756460354.86666,8.356769323348999,106040.87,54666.64,104641.29,108580.92,61037.42,95141.98
1756460354.8701262,8.360235452651978,105672.87,54315.81,104496.99,108865.77,61657.02,95960.32
1756460354.8746195,8.364728689193726,105320.43,53954.25,104279.73,109165.38,62317.91,97584.4
1756460354.8780274,8.368136644363403,105400.36,54015.94,104268.47,109115.76,62221.62,97959.38
1756460354.8825045,8.372613668441772,105815.3,54420.68,104464.54,108797.91,61511.1,96644.02
1756460354.8859208,8.376029968261719,106031.75,54660.74,104654.71,108579.58,61046.81,95179.53
1756460354.890393,8.380502223968506,105666.97,54309.64,104520.6,108863.9,61666.94,96038.91
1756460354.8938122,8.383921384811401,105325.79,53956.12,104295.83,109169.4,62320.33,97650.38
1756460354.8982947,8.38840389251709,105405.72,54022.11,104285.1,109114.41,62214.91,98010.87
1756460354.9017127,8.39182186126709,105816.91,54422.02,104483.04,108789.33,61498.23,96686.4
1756460354.9061913,8.396300554275513,106032.82,54661.81,104647.2,108581.73,61037.16,95195.36
1756460354.9106755,8.400784730911255,105659.73,54305.62,104484.92,108875.16,61662.65,96017.19
1756460354.9140952,8.404204368591309,105317.21,53952.91,104260.96,109177.72,62316.57,97613.91
1756460354.918577,8.40868616104126,105398.21,54021.84,104258.28,109119.51,62210.62,97964.74
1756460354.921993,8.412102222442627,105811.54,54424.97,104464.54,108792.01,61491.25,96638.92
1756460354.9264734,8.416582584381104,106028.8,54663.96,104634.59,108588.7,61041.18,95169.07
1756460354.929889,8.419998168945312,105658.66,54308.83,104484.12,108879.72,61672.84,96024.16
1756460354.9343688,8.42447805404663,105308.9,53949.69,104263.64,109170.74,62318.45,97626.51
1756460354.9377835,8.427892684936523,105390.17,54016.47,104269.54,109102.61,62202.58,97983.52
1756460354.9422624,8.432371616363525,105812.62,54424.97,104473.92,108778.6,61478.65,96642.14
1756460354.9467437,8.436852931976318,106016.73,54650.01,104635.39,108576.1,61035.28,95184.36
1756460354.9501603,8.440269470214844,105644.44,54294.35,104483.85,108873.55,61674.99,96053.4
1756460354.954641,8.444750308990479,105311.31,53952.1,104266.59,109173.42,62322.47,97649.58
1756460354.9580562,8.44816541671753,105399.02,54023.18,104267.66,109107.17,62204.19,97982.98
1756460354.9625363,8.452645540237427,105816.64,54427.39,104476.34,108777.26,61476.77,96634.36
1756460354.9659498,8.456058979034424,106021.02,54651.62,104637.54,108578.51,61038.77,95186.78
1756460354.9704947,8.460603952407837,105643.9,54291.67,104475.8,108878.11,61681.69,96059.57
1756460354.9739294,8.464038610458374,105305.14,53942.71,104254.25,109172.89,62322.47,97645.02
1756460354.9784105,8.468519687652588,105393.12,54016.47,104256.4,109106.1,62197.48,97959.64
1756460354.9818275,8.471936702728271,105818.25,54430.34,104466.15,108778.07,61466.85,96594.94
1756460354.9863048,8.47641396522522,106020.75,54654.84,104636.74,108585.22,61042.79,95170.15
1756460354.9907818,8.480890989303589,105645.78,54295.16,104487.34,108884.55,61691.88,96080.76
1756460354.9941874,8.484296560287476,105309.43,53948.88,104266.32,109174.5,62324.89,97667.01
1756460354.998664,8.488773107528687,105402.51,54026.93,104267.66,109106.37,62193.99,97967.42
1756460355.0020802,8.492189407348633,105828.71,54437.85,104473.39,108778.07,61460.68,96580.45
1756460355.006561,8.496670246124268,106019.15,54651.62,104631.1,108586.02,61040.38,95158.88
1756460355.0099802,8.500089406967163,105635.59,54286.04,104473.39,108885.09,61692.96,96074.05
1756460355.014463,8.50457215309143,105303.0,53941.37,104256.13,109172.62,62322.47,97658.16
1756460355.0178814,8.507990598678589,105403.04,54024.52,104247.01,109108.51,62185.68,97918.07
1756460355.0223649,8.512474060058594,105824.69,54438.92,104450.86,108778.87,61453.97,96509.37
1756460355.0268478,8.51695704460144,106012.44,54651.62,104616.62,108590.58,61048.15,95109.8
1756460355.0302622,8.520371437072754,105632.1,54287.38,104467.49,108894.47,61707.44,96051.79
1756460355.0347464,8.524855613708496,105311.58,53952.37,104260.42,109182.01,62335.88,97641.27
1756460355.0381622,8.528271436691284,105412.97,54036.86,104263.37,109111.46,62196.14,97915.12
1756460355.0426488,8.532757997512817,105837.02,54453.14,104469.63,108779.68,61456.12,96504.28
1756460355.046072,8.536181211471558,106023.44,54663.69,104632.18,108594.07,61054.05,95119.99
1756460355.0505567,8.540665864944458,105642.3,54294.62,104475.8,108900.37,61715.76,96067.61
1756460355.0539715,8.54408073425293,105307.56,53947.27,104253.18,109181.2,62334.54,97632.15
1756460355.058452,8.548561096191406,105409.48,54034.44,104263.91,109098.32,62184.87,97906.8
1756460355.0618668,8.551975965499878,105839.17,54455.28,104481.97,108763.31,61443.78,96498.91
1756460355.0663493,8.556458473205566,106020.49,54660.74,104641.56,108583.34,61048.15,95128.3
1756460355.070915,8.561024188995361,105627.81,54281.21,104470.44,108891.52,61712.0,96075.39
1756460355.0743458,8.564455032348633,105302.46,53944.05,104248.35,109178.79,62328.91,97630.8
1756460355.078845,8.568954229354858,105408.67,54034.98,104251.57,109104.49,62181.92,97869.79
1756460355.082264,8.572373151779175,105834.88,54451.26,104465.07,108767.07,61440.83,96439.1
1756460355.086775,8.576884269714355,106007.34,54646.53,104619.3,108586.56,61052.98,95076.81
1756460355.0901892,8.58029842376709,105620.3,54275.31,104464.27,108896.08,61722.73,96059.03
1756460355.0947177,8.584826946258545,105303.8,53946.2,104256.4,109179.06,62336.42,97631.88
1756460355.0981312,8.588240385055542,105414.58,54040.35,104266.32,109099.13,62178.7,97869.52
1756460355.102621,8.592730283737183,105841.58,54456.62,104475.0,108764.12,61428.76,96424.08
1756460355.1060386,8.596147775650024,106012.98,54652.43,104623.86,108594.07,61049.23,95064.47
1756460355.1105247,8.6006338596344,105617.08,54272.63,104460.25,108906.01,61726.22,96049.64
1756460355.1139407,8.604049921035767,105301.12,53947.81,104251.3,109184.15,62336.69,97617.39
1756460355.118439,8.608548164367676,105409.48,54038.47,104265.25,109093.23,62172.0,97851.82
1756460355.1229205,8.613029718399048,105840.51,54456.89,104481.7,108755.27,61420.18,96406.11
1756460355.1263297,8.616438865661621,106009.76,54649.74,104634.05,108588.97,61050.03,95072.25
1756460355.1308093,8.62091851234436,105616.81,54271.55,104469.63,108901.98,61729.17,96076.73
1756460355.1342287,8.624337911605835,105294.95,53936.81,104262.84,109174.5,62335.08,97646.63
1756460355.1387098,8.628818988800049,105412.43,54038.47,104275.44,109091.88,62168.51,97863.89
1756460355.142124,8.632233142852783,105848.83,54463.87,104485.99,108757.95,61415.08,96395.38
1756460355.1466064,8.636715650558472,106008.68,54647.6,104632.44,108592.99,61053.52,95074.12
1756460355.1500182,8.640127420425415,105614.4,54269.41,104465.61,108906.54,61736.14,96086.39
1756460355.1544974,8.644606590270996,105297.36,53940.03,104260.96,109179.86,62338.03,97650.12
1756460355.158981,8.64909029006958,105415.92,54040.88,104280.27,109092.15,62167.44,97869.25
1756460355.1623971,8.652506351470947,105850.7,54463.87,104497.26,108752.58,61410.79,96403.43
1756460355.1668916,8.65700078010559,106001.71,54639.01,104642.9,108591.65,61056.74,95101.48
1756460355.1703296,8.660438776016235,105609.04,54260.02,104473.12,108908.69,61742.85,96128.5
1756460355.1748254,8.664934635162354,105301.65,53940.3,104266.05,109181.47,62339.64,97684.45
1756460355.1782608,8.668370008468628,105421.55,54043.56,104280.0,109093.23,62163.68,97877.03
1756460355.1827414,8.672850608825684,105858.21,54472.72,104495.65,108755.8,61404.08,96391.09
1756460355.1861515,8.676260709762573,106008.68,54649.48,104635.66,108601.58,61057.27,95092.9
1756460355.1906285,8.680737733840942,105609.04,54261.09,104459.71,108918.08,61747.41,96124.21
1756460355.1940358,8.684144973754883,105296.02,53934.67,104249.42,109187.64,62340.98,97665.41
1756460355.198521,8.688630104064941,105419.94,54045.98,104271.15,109094.3,62158.86,97848.06
1756460355.2030075,8.693116664886475,105861.7,54478.62,104491.9,108754.46,61397.38,96358.63
1756460355.2064247,8.696533918380737,106007.88,54647.33,104631.1,108604.26,61062.64,95078.15
1756460355.2109108,8.701020002365112,105604.21,54257.6,104452.2,108925.05,61757.33,96118.84
1756460355.214323,8.704432249069214,105300.31,53944.59,104244.33,109194.34,62347.42,97651.73
1756460355.2188003,8.708909511566162,105428.25,54055.63,104267.13,109101.54,62162.34,97817.22
1756460355.2222183,8.712327480316162,105863.85,54479.96,104482.24,108759.29,61398.18,96310.62
1756460355.2267003,8.716809511184692,105999.83,54641.7,104621.71,108608.28,61068.81,95051.59
1756460355.2301455,8.72025465965271,105600.99,54257.6,104453.0,108929.07,61768.06,96119.38
1756460355.2346258,8.724735021591187,105299.24,53942.98,104252.37,109193.0,62351.98,97659.5
1756460355.2380333,8.728142499923706,105427.99,54054.29,104279.2,109093.49,62159.12,97829.56
1756460355.242512,8.732621192932129,105869.21,54487.2,104501.82,108750.71,61388.53,96322.15
1756460355.2469993,8.7371084690094,106007.34,54650.55,104638.61,108607.75,61066.66,95077.34
1756460355.250416,8.740525245666504,105606.09,54260.82,104465.34,108933.63,61772.35,96154.78
1756460355.254901,8.745010137557983,105300.05,53941.64,104260.96,109196.22,62352.78,97687.4
1756460355.2583148,8.748424053192139,105433.35,54058.32,104290.46,109094.57,62154.83,97841.09
1756460355.2628024,8.752911567687988,105877.26,54492.57,104513.89,108749.1,61383.43,96326.71
1756460355.2662125,8.756321668624878,106003.86,54641.43,104646.12,108606.14,61071.76,95099.87
1756460355.2707827,8.760891914367676,105601.26,54253.31,104469.1,108933.1,61776.91,96184.29
1756460355.2742252,8.764334440231323,105304.61,53945.66,104258.81,109195.15,62350.37,97697.86
1756460355.2787104,8.768819570541382,105438.72,54064.22,104280.0,109096.44,62150.01,97825.0
1756460355.2820823,8.772191524505615,105878.6,54495.25,104504.5,108750.98,61378.6,96294.8
1756460355.2865605,8.77666974067688,105999.3,54640.09,104641.29,108609.36,61074.98,95093.97
1756460355.2910314,8.781140565872192,105596.7,54250.63,104468.29,108934.98,61786.57,96204.41
1756460355.2944486,8.784557819366455,105305.41,53946.47,104262.03,109196.49,62356.27,97717.98
1756460355.2989345,8.789043664932251,105441.67,54067.7,104287.51,109094.3,62147.86,97832.24
1756460355.3023486,8.792457818984985,105882.62,54499.54,104509.33,108745.88,61370.56,96292.38
1756460355.3068302,8.796939373016357,106003.86,54644.11,104638.61,108610.7,61075.78,95096.65
1756460355.3102434,8.800352573394775,105600.72,54254.92,104462.12,108941.14,61792.2,96209.77
1756460355.3147283,8.804837465286255,105300.58,53942.98,104256.13,109195.15,62357.07,97718.24
1756460355.3181448,8.80825400352478,105441.13,54066.9,104282.15,109088.93,62141.96,97823.12
1756460355.3226268,8.81273603439331,105885.04,54501.42,104505.31,108741.32,61362.51,96271.19
1756460355.3271053,8.817214488983154,106004.66,54645.72,104629.49,108616.6,61079.0,95082.17
1756460355.3305209,8.820630073547363,105594.55,54250.63,104447.91,108948.39,61799.17,96198.24
1756460355.3349972,8.825106382369995,105297.9,53940.84,104249.69,109197.56,62360.29,97705.1
1756460355.338413,8.828522205352783,105440.59,54067.7,104291.0,109084.37,62140.89,97818.29
1756460355.3428943,8.833003520965576,105887.72,54504.64,104522.74,108734.35,61358.49,96273.61
1756460355.346307,8.836416244506836,106003.32,54644.92,104648.0,108612.04,61082.49,95116.23
1756460355.3507893,8.840898513793945,105593.21,54246.07,104468.02,108943.56,61804.27,96259.93
1756460355.3542013,8.844310522079468,105307.02,53944.86,104273.56,109192.74,62358.14,97770.82
1756460355.358686,8.848795175552368,105453.2,54072.26,104303.6,109085.18,62134.45,97858.52
1756460355.3631685,8.853277683258057,105896.57,54507.05,104525.42,108738.37,61355.0,96285.41
1756460355.3665817,8.856690883636475,105998.49,54634.46,104639.95,108617.67,61087.05,95127.5
1756460355.371172,8.861281156539917,105592.67,54243.39,104451.66,108957.77,61812.85,96262.88
1756460355.3746037,8.864712953567505,105307.29,53945.13,104250.23,109208.29,62364.58,97749.89
1756460355.379084,8.869193315505981,105453.47,54074.14,104271.15,109096.71,62134.18,97795.49
1756460355.3824952,8.872604370117188,105894.42,54510.81,104498.06,108742.39,61349.9,96211.65
1756460355.386981,8.877090215682983,105995.27,54637.41,104617.15,108624.91,61092.95,95077.88
1756460355.3903918,8.88050103187561,105583.29,54235.34,104428.06,108965.82,61824.65,96232.03
1756460355.3948746,8.884983777999878,105297.09,53937.35,104229.58,109212.85,62369.95,97716.9
1756460355.3982923,8.888401508331299,105444.08,54069.31,104270.08,109091.88,62133.64,97778.33
1756460355.4027767,8.89288592338562,105893.35,54509.2,104496.46,108743.2,61349.9,96185.09
1756460355.4072556,8.897364854812622,105986.42,54625.87,104612.33,108626.52,61100.99,95063.93
1756460355.4106722,8.900781393051147,105573.63,54225.95,104424.57,108962.87,61830.55,96230.16
1756460355.4151554,8.905264616012573,105294.14,53936.01,104228.23,109205.88,62367.0,97708.32
1756460355.4185731,8.908682346343994,105448.1,54073.61,104275.44,109085.72,62129.08,97766.26
1756460355.4230967,8.913205862045288,105895.76,54511.34,104511.74,108733.54,61342.93,96182.95
1756460355.4265106,8.916619777679443,105985.89,54626.41,104635.66,108620.89,61101.53,95099.87
1756460355.4309871,8.921096324920654,105574.7,54226.49,104448.98,108958.85,61834.04,96288.9
1756460355.4343972,8.924506425857544,105298.97,53937.62,104251.84,109204.54,62370.21,97762.23
1756460355.4388816,8.928990840911865,105452.39,54073.61,104290.46,109080.35,62124.26,97800.86
1756460355.4422965,8.932405710220337,105898.45,54510.27,104522.47,108726.57,61333.81,96203.33
1756460355.4467807,8.936889886856079,105982.4,54619.43,104635.13,108622.23,61103.68,95121.6
1756460355.4512744,8.941383600234985,105566.93,54215.76,104444.69,108961.53,61841.01,96317.33
1756460355.454694,8.944803237915039,105292.54,53927.96,104238.96,109202.66,62367.8,97771.35
1756460355.4591687,8.949277877807617,105447.3,54068.78,104274.9,109078.21,62116.48,97788.79
1756460355.4625883,8.952697515487671,105894.96,54508.66,104507.45,108723.62,61328.18,96180.0
1756460355.467072,8.957181215286255,105976.23,54614.87,104619.84,108622.23,61107.43,95111.67
1756460355.470581,8.960690259933472,105556.73,54207.18,104432.62,108963.14,61849.33,96322.69
1756460355.4750972,8.965206384658813,105282.88,53919.38,104243.52,109198.37,62372.36,97792.54
1756460355.4785132,8.96862244606018,105451.86,54071.73,104290.19,109077.67,62120.23,97811.32
1756460355.482988,8.973097324371338,105903.27,54516.71,104525.42,108722.81,61329.25,96200.92
1756460355.486403,8.97651219367981,105981.59,54617.83,104634.59,108625.18,61115.75,95155.13
1756460355.4908803,8.980989456176758,105562.1,54207.72,104440.67,108969.58,61857.11,96369.9
1756460355.494304,8.984413146972656,105292.54,53926.62,104247.55,109205.07,62373.7,97822.58
1756460355.4987874,8.988896608352661,105458.83,54077.09,104291.27,109077.4,62112.99,97821.24
1756460355.5032873,8.993396520614624,105906.22,54518.32,104519.79,108723.08,61320.13,96192.34
1756460355.5067,8.996809244155884,105972.48,54609.78,104620.64,108630.28,61116.28,95148.42
1756460355.511139,9.001248121261597,105555.39,54204.5,104429.94,108978.43,61867.57,96372.31
1756460355.5145473,9.004656553268433,105293.88,53931.98,104243.52,109209.9,62379.87,97826.61
1756460355.5190222,9.00913143157959,105461.51,54082.19,104292.88,109076.33,62114.06,97818.02
1756460355.5224397,9.012548923492432,105910.25,54524.22,104528.64,108719.06,61320.4,96188.85
1756460355.5269222,9.01703143119812,105978.91,54618.09,104629.22,108631.62,61124.33,95165.05
1756460355.5303383,9.020447492599487,105558.07,54205.84,104426.99,108982.18,61876.15,96388.14
1756460355.5348217,9.024930953979492,105289.58,53924.21,104236.28,109209.37,62385.23,97825.26
1756460355.539298,9.029407262802124,105462.05,54081.12,104289.12,109074.45,62114.06,97805.15
1756460355.542714,9.032823324203491,105915.34,54527.7,104523.01,108719.86,61320.13,96158.81
1756460355.5471895,9.037298679351807,105973.82,54614.07,104623.06,108632.42,61129.96,95155.66
1756460355.5506036,9.040712833404541,105550.56,54199.67,104431.81,108976.82,61880.44,96407.72
1756460355.5550888,9.0451979637146,105291.73,53927.69,104245.67,109203.2,62382.55,97849.4
1756460355.5585077,9.048616886138916,105464.2,54081.38,104297.97,109065.33,62104.68,97822.05
1756460355.562992,9.053101301193237,105914.27,54521.0,104526.23,108712.35,61306.45,96162.03
1756460355.5664115,9.056520700454712,105968.72,54604.15,104623.06,108635.91,61130.5,95170.41
1756460355.5709987,9.061107873916626,105546.0,54194.57,104433.96,108983.25,61886.88,96437.76
1756460355.574484,9.064593315124512,105286.9,53921.26,104249.69,109207.22,62387.38,97875.69
1756460355.5789723,9.069081544876099,105467.68,54085.14,104302.26,109072.84,62108.7,97828.48
1756460355.5823853,9.072494506835938,105920.44,54530.39,104535.88,108714.23,61309.67,96169.0
1756460355.586858,9.076967239379883,105969.26,54604.68,104631.64,108636.71,61142.03,95202.6
1756460355.591333,9.08144211769104,105543.32,54189.74,104434.76,108985.13,61897.61,96468.6
1756460355.5947423,9.084851503372192,105288.51,53922.6,104247.01,109210.97,62390.87,97887.49
1756460355.599217,9.08932614326477,105469.56,54085.94,104301.19,109070.96,62104.41,97829.82
1756460355.602631,9.092740297317505,105922.05,54532.26,104531.86,108713.69,61305.65,96155.59
1756460355.6071024,9.097211599349976,105967.11,54604.15,104623.06,108643.15,61149.27,95199.92
1756460355.6105127,9.100621938705444,105544.66,54192.16,104427.25,108994.52,61909.68,96479.33
1756460355.6149876,9.105096817016602,105291.19,53926.08,104246.74,109212.05,62396.5,97897.42
1756460355.6194575,9.109566688537598,105477.07,54094.53,104312.72,109069.09,62106.55,97842.43
1756460355.6228688,9.112977981567383,105930.63,54540.04,104547.42,108709.67,61304.3,96169.81
1756460355.6273568,9.11746597290039,105967.11,54603.07,104635.93,108640.2,61151.96,95236.13
1756460355.6307719,9.120881080627441,105547.35,54191.62,104432.62,108996.93,61910.48,96509.37
1756460355.6352482,9.125357389450073,105301.12,53933.06,104252.37,109216.61,62397.04,97920.22
1756460355.638663,9.128772258758545,105482.44,54098.55,104314.6,109070.16,62105.21,97854.23
1756460355.6431463,9.13325548171997,105936.0,54545.67,104550.9,108711.01,61304.3,96174.63
1756460355.6465638,9.136672973632812,105967.92,54603.88,104631.1,108646.91,61158.12,95242.57
1756460355.6510406,9.141149759292603,105541.18,54183.58,104426.72,109000.69,61919.87,96526.54
1756460355.6555204,9.145629644393921,105297.9,53927.96,104244.33,109217.68,62398.38,97923.17
1756460355.6589363,9.149045467376709,105482.17,54096.67,104303.34,109073.38,62103.07,97833.31
1756460355.663418,9.15352725982666,105935.19,54543.53,104538.57,108713.69,61298.67,96139.5
1756460355.6668305,9.15693974494934,105965.77,54601.46,104624.4,108653.08,61165.63,95238.27
1756460355.671402,9.161511182785034,105544.13,54188.4,104426.18,109006.32,61928.99,96541.83
1756460355.6748517,9.164960861206055,105299.78,53930.11,104245.67,109215.8,62401.06,97934.97
1756460355.6793325,9.16944169998169,105488.34,54103.11,104306.29,109068.28,62098.24,97830.63
1756460355.6827445,9.172853708267212,105943.78,54552.65,104544.47,108709.94,61295.72,96130.65
1756460355.687219,9.177328109741211,105967.65,54603.88,104623.59,108651.73,61169.39,95243.37
1756460355.690627,9.180736303329468,105538.49,54183.84,104417.6,109005.79,61933.55,96550.41
1756460355.6950967,9.185205936431885,105308.09,53940.3,104236.55,109221.17,62400.52,97925.04
1756460355.6985128,9.188621997833252,105496.11,54111.69,104284.56,109078.21,62095.29,97776.99
1756460355.7029934,9.193102598190308,105944.58,54556.13,104524.89,108715.3,61292.77,96070.3
1756460355.7074747,9.1975839138031,105961.48,54597.98,104609.64,108659.51,61176.63,95206.09
1756460355.7108889,9.200998067855835,105536.88,54181.7,104415.18,109013.03,61946.69,96536.46
1756460355.715366,9.205475091934204,105309.16,53942.18,104244.86,109222.78,62408.3,97918.34
1756460355.718785,9.2088942527771,105505.23,54119.74,104313.53,109071.5,62097.97,97798.71
1756460355.7232683,9.213377475738525,105960.14,54567.13,104554.66,108713.69,61294.11,96087.46
1756460355.7266853,9.216794490814209,105975.43,54606.02,104633.25,108667.02,61187.09,95236.4
1756460355.731163,9.221272230148315,105551.1,54189.21,104429.13,109027.24,61960.1,96567.58
1756460355.7345796,9.22468876838684,105315.33,53939.49,104255.06,109230.82,62418.23,97939.8
1756460355.7390606,9.229169845581055,105512.48,54121.88,104325.06,109073.65,62097.43,97806.22
1756460355.7435386,9.23364782333374,105967.11,54570.35,104570.22,108709.4,61287.94,96099.26
1756460355.7469552,9.237064361572266,105982.67,54608.97,104649.88,108667.02,61190.04,95276.36
1756460355.7514374,9.241546630859375,105550.56,54182.23,104444.69,109026.44,61967.88,96619.61
1756460355.7548518,9.244961023330688,105319.36,53936.28,104271.69,109230.02,62419.3,97987.54
1756460355.7593274,9.249436616897583,105528.84,54128.59,104340.89,109079.01,62097.43,97836.8
1756460355.762745,9.252854108810425,105982.94,54578.67,104578.8,108716.91,61288.21,96109.72
1756460355.767225,9.257334232330322,105984.55,54604.15,104645.85,108674.26,61196.21,95289.24
1756460355.770638,9.260747194290161,105555.93,54187.06,104439.32,109028.58,61967.88,96638.66
1756460355.775174,9.265283107757568,105330.89,53949.69,104264.44,109229.75,62411.79,97990.76
1756460355.7796571,9.269766330718994,105532.32,54132.88,104329.35,109074.99,62085.9,97822.58
1756460355.7830706,9.273179769515991,105981.59,54580.54,104573.17,108712.62,61277.21,96094.97
1756460355.787546,9.277655124664307,105980.52,54603.34,104649.88,108674.8,61197.55,95306.13
1756460355.7909558,9.281064987182617,105552.44,54180.89,104445.49,109035.56,61976.2,96668.43
1756460355.7954302,9.285539388656616,105321.5,53937.08,104271.15,109228.41,62412.59,98015.43
1756460355.7988427,9.288951873779297,105527.5,54128.59,104339.01,109068.28,62077.85,97837.33
1756460355.80331,9.293419122695923,105984.81,54580.01,104577.99,108709.67,61268.9,96096.58
1756460355.8067303,9.296839475631714,105982.67,54603.88,104642.1,108678.82,61198.09,95310.96
1756460355.8112154,9.301324605941772,105544.93,54175.53,104425.91,109036.9,61975.66,96668.96
1756460355.8157003,9.305809497833252,105325.26,53944.05,104252.37,109232.16,62409.11,97996.12
1756460355.8191075,9.309216737747192,105531.52,54135.3,104323.45,109071.23,62075.17,97803.54
1756460355.8235877,9.31369686126709,105982.94,54580.01,104560.02,108711.01,61267.29,96048.3
1756460355.8269958,9.317105054855347,105973.01,54597.44,104627.62,108682.04,61205.87,95285.21
1756460355.831479,9.321588277816772,105539.57,54172.04,104423.5,109035.56,61982.9,96670.31
1756460355.83489,9.3249990940094,105324.72,53942.18,104254.25,109225.46,62409.91,98001.49
1756460355.8393648,9.329473972320557,105535.81,54137.17,104326.67,109064.26,62070.08,97798.98
1756460355.8427808,9.332890033721924,105986.42,54583.76,104568.07,108704.04,61259.51,96044.55
1756460355.8472624,9.337371587753296,105969.52,54593.95,104629.76,108674.8,61200.77,95293.26
1756460355.8506768,9.34078598022461,105536.35,54169.36,104415.99,109033.95,61981.56,96667.89
1756460355.8551579,9.345267057418823,105322.58,53944.86,104245.13,109224.65,62409.64,97984.32
1756460355.8596401,9.349749326705933,105530.98,54136.1,104317.55,109059.7,62064.44,97768.94
1756460355.8630574,9.353166580200195,105979.18,54580.01,104559.49,108696.8,61252.27,96008.87
1756460355.8675423,9.357651472091675,105960.41,54588.05,104623.06,108675.87,61205.33,95278.24
1756460355.8709562,9.36106538772583,105529.11,54163.46,104411.43,109035.83,61986.93,96664.67
1756460355.8754659,9.365575075149536,105309.43,53928.23,104243.25,109218.75,62406.16,97978.69
1756460355.878882,9.368991136550903,105530.45,54132.61,104314.87,109057.28,62056.93,97746.68
1756460355.8833551,9.373464345932007,105984.55,54584.57,104554.12,108701.62,61248.25,95969.44
1756460355.8867693,9.376878499984741,105954.77,54585.37,104628.69,108674.8,61212.57,95282.26
1756460355.8912404,9.381349563598633,105525.62,54160.51,104425.38,109029.93,61994.97,96698.74
1756460355.8957243,9.385833501815796,105318.55,53936.54,104262.57,109212.58,62406.96,98013.02
1756460355.8991435,9.389252662658691,105537.69,54137.98,104345.18,109044.95,62052.1,97788.52
1756460355.9036682,9.39377737045288,105987.5,54584.57,104590.06,108686.6,61241.0,96026.84
1756460355.9070868,9.397196054458618,105957.72,54580.81,104643.44,108672.66,61209.09,95332.15
1756460355.9115653,9.401674509048462,105529.11,54158.9,104426.99,109035.02,61993.63,96734.41
1756460355.9149745,9.405083656311035,105324.19,53943.52,104259.88,109220.09,62404.82,98028.31
1756460355.9194443,9.409553527832031,105542.52,54144.42,104339.28,109052.46,62048.35,97781.01
1756460355.9228537,9.412962913513184,105992.32,54590.47,104582.55,108691.43,61236.98,96007.8
1756460355.9273305,9.417439699172974,105955.04,54580.27,104636.2,108675.87,61212.84,95330.81
1756460355.9318063,9.421915531158447,105524.01,54155.14,104423.77,109036.9,61998.73,96744.07
1756460355.9352126,9.425321817398071,105315.07,53931.45,104262.3,109215.27,62405.35,98043.06
1756460355.9396882,9.429797410964966,105539.3,54140.66,104343.03,109045.75,62040.3,97784.5
1756460355.9431033,9.433212518692017,105994.47,54591.54,104584.97,108686.87,61226.25,95997.88
1756460355.9475875,9.437696695327759,105954.24,54580.27,104633.25,108682.04,61213.11,95328.66
1756460355.9510033,9.441112518310547,105515.69,54150.58,104410.09,109044.41,62004.36,96738.17
1756460355.9554863,9.445595502853394,105309.97,53930.38,104246.47,109219.29,62406.69,98023.21
1756460355.9589033,9.449012517929077,105544.93,54144.68,104331.77,109046.29,62037.89,97755.53
1756460355.9633818,9.453490972518921,105996.35,54592.34,104573.7,108685.26,61220.89,95964.35
1756460355.9667938,9.456902980804443,105945.12,54572.5,104619.84,108681.77,61215.52,95310.16
1756460355.9712768,9.46138596534729,105510.06,54146.02,104407.14,109040.65,62008.12,96740.04
1756460355.9758005,9.465909719467163,105307.56,53927.96,104248.89,109213.92,62406.96,98026.7
1756460355.9792128,9.469321966171265,105539.3,54142.27,104335.79,109040.12,62034.67,97752.85
1756460355.9836893,9.473798513412476,105994.74,54593.69,104584.97,108680.17,61219.01,95967.3
1756460355.9870977,9.477206945419312,105949.41,54576.79,104634.59,108681.24,61221.16,95341.27
1756460355.991572,9.481681108474731,105513.01,54148.71,104418.94,109042.8,62014.82,96782.96
1756460355.994982,9.485091209411621,105315.33,53934.93,104261.76,109215.27,62409.64,98065.05
1756460355.9994755,9.489584684371948,105550.56,54152.19,104350.81,109042.0,62032.52,97775.91
1756460356.002887,9.492996215820312,106003.59,54602.54,104602.4,108680.7,61214.99,95988.76
1756460356.0073597,9.497468948364258,105950.21,54574.37,104648.8,108684.99,61226.52,95381.24
1756460356.011841,9.50195026397705,105513.01,54143.34,104428.6,109047.36,62023.67,96828.02
1756460356.015251,9.505360126495361,105315.07,53932.79,104266.59,109213.92,62409.64,98096.97
1756460356.019732,9.509841203689575,105552.71,54153.54,104353.49,109037.44,62028.5,97793.35
1756460356.023141,9.51325011253357,106003.59,54600.66,104593.82,108681.51,61212.04,95980.98
1756460356.0276158,9.517724990844727,105943.51,54567.13,104631.37,108690.09,61230.81,95379.36
1756460356.0310304,9.52113962173462,105508.18,54141.2,104412.5,109052.19,62027.16,96827.21
1756460356.0355074,9.525616645812988,105316.41,53938.15,104256.67,109219.29,62409.91,98087.85
1756460356.0389163,9.529025554656982,105557.27,54159.7,104348.67,109041.73,62025.01,97776.72
1756460356.0433922,9.533501386642456,106005.73,54604.15,104598.92,108680.7,61208.01,95975.61
1756460356.0478754,9.537984609603882,105939.75,54562.3,104645.85,108687.41,61234.57,95409.94
1756460356.0512898,9.541399002075195,105506.58,54136.1,104428.86,109049.51,62032.26,96874.42
1756460356.0557728,9.545881986618042,105326.06,53943.52,104275.17,109216.34,62408.03,98129.43
1756460356.0591915,9.54930067062378,105562.37,54162.12,104365.03,109035.29,62018.85,97807.56
1756460356.0636802,9.553789377212524,106010.83,54610.05,104610.99,108677.48,61203.99,95994.39
1756460356.0670977,9.557206869125366,105943.51,54569.28,104646.66,108693.58,61241.81,95431.12
1756460356.0715783,9.561687469482422,105510.87,54141.73,104433.96,109057.55,62045.67,96907.95
1756460356.075007,9.565116167068481,105323.11,53940.03,104283.76,109215.27,62415.54,98161.08
1756460356.0795047,9.569613933563232,105564.78,54162.12,104367.44,109031.53,62016.43,97816.68
1756460356.082917,9.573026180267334,106011.9,54607.9,104601.33,108678.56,61201.58,95976.95
1756460356.0873911,9.577500343322754,105932.24,54556.4,104626.81,108695.45,61245.3,95419.05
1756460356.091865,9.581974267959595,105494.24,54124.57,104403.11,109054.07,62044.33,96891.05
1756460356.095285,9.585394144058228,105313.99,53933.06,104257.2,109207.76,62407.77,98138.01
1756460356.0997565,9.589865684509277,105562.9,54162.92,104354.57,109025.1,62009.19,97794.96
1756460356.1031642,9.593273401260376,106013.24,54611.66,104597.04,108672.92,61195.68,95960.86
1756460356.1076384,9.597747564315796,105933.31,54560.96,104625.2,108694.65,61248.51,95425.22
1756460356.1110516,9.601160764694214,105495.58,54126.71,104403.65,109056.21,62049.96,96909.83
1756460356.1155279,9.605637073516846,105319.89,53935.47,104256.4,109212.58,62410.72,98143.91
1756460356.1199977,9.610106945037842,105564.78,54164.0,104354.83,109027.51,62007.58,97790.93
1756460356.123405,9.613514184951782,106010.03,54606.56,104595.97,108674.0,61193.53,95953.62
1756460356.1278942,9.618003368377686,105927.41,54549.7,104622.25,108701.09,61255.22,95433.0
1756460356.131305,9.621414184570312,105495.58,54122.96,104396.95,109066.94,62057.47,96908.22
1756460356.1357868,9.625895977020264,105315.33,53931.18,104248.35,109215.8,62412.06,98133.45
1756460356.1392019,9.629311084747314,105567.46,54166.68,104351.62,109026.44,62006.24,97774.84
1756460356.1436899,9.633799076080322,106015.39,54612.46,104599.18,108671.85,61195.14,95938.06
1756460356.1471012,9.637210369110107,105927.15,54551.04,104631.1,108698.4,61266.49,95448.02
1756460356.151583,9.641692161560059,105492.63,54121.08,104407.41,109059.16,62068.2,96947.38
1756460356.1549928,9.64510202407837,105324.99,53941.37,104262.3,109210.71,62414.74,98167.25
1756460356.1594844,9.649593591690063,105574.7,54170.7,104356.44,109022.68,62003.29,97780.47
1756460356.1639652,9.654074430465698,106018.61,54611.12,104601.6,108669.97,61191.65,95935.65
1756460356.167383,9.65749216079712,105926.88,54547.02,104626.54,108702.96,61270.51,95457.41
1756460356.1718657,9.661974906921387,105488.34,54115.72,104403.11,109058.63,62071.95,96966.15
1756460356.1753361,9.665445327758789,105318.55,53931.45,104257.74,109204.54,62413.67,98175.83
1756460356.1798372,9.669946432113647,105569.34,54164.26,104349.47,109015.44,61994.44,97770.01
1756460356.183246,9.673355102539062,106009.49,54603.07,104593.28,108665.14,61183.61,95921.43
1756460356.187726,9.67783522605896,105911.32,54531.46,104618.5,108699.48,61270.51,95458.75
1756460356.1911392,9.681248426437378,105481.36,54109.82,104397.75,109061.31,62072.49,96970.71
1756460356.195628,9.685737133026123,105320.16,53938.15,104252.37,109207.49,62408.03,98167.78
1756460356.1990392,9.689148426055908,105571.48,54166.68,104348.67,109013.83,61988.0,97755.26
1756460356.2035127,9.69362187385559,106010.83,54602.27,104593.82,108664.07,61180.92,95905.61
1756460356.2079415,9.698050737380981,105912.39,54532.26,104613.67,108707.52,61277.21,95455.53
1756460356.211361,9.701470136642456,105478.68,54106.33,104386.22,109066.67,62080.8,96968.57
1756460356.2158413,9.705950498580933,105317.48,53933.33,104245.13,109204.0,62408.57,98163.22
1756460356.2192507,9.709359884262085,105574.7,54170.43,104349.2,109011.42,61983.17,97747.21
1756460356.2237368,9.71384596824646,106016.73,54610.85,104597.84,108665.41,61178.78,95896.49
1756460356.227149,9.717258214950562,105911.59,54534.14,104615.81,108708.6,61284.19,95467.6
1756460356.2316256,9.721734762191772,105477.34,54103.65,104387.29,109066.4,62088.58,96986.0
1756460356.2360935,9.726202726364136,105318.02,53930.91,104244.33,109204.27,62412.86,98163.22
1756460356.2395058,9.729614973068237,105577.39,54170.7,104342.5,109013.56,61986.39,97723.34
1756460356.2439897,9.7340989112854,106015.93,54612.19,104587.65,108664.34,61180.92,95867.25
1756460356.2474046,9.737513780593872,105906.76,54531.73,104606.96,108709.94,61291.16,95458.48
1756460356.2518861,9.741995334625244,105477.61,54104.99,104384.88,109070.43,62095.02,96986.54
1756460356.2553005,9.745409727096558,105322.84,53930.91,104248.08,109208.29,62419.57,98164.56
1756460356.259785,9.749894142150879,105584.09,54176.33,104354.03,109011.42,61985.05,97727.36
1756460356.263201,9.753310203552246,106023.17,54617.29,104602.13,108659.24,61175.56,95880.13
1756460356.267682,9.75779128074646,105914.0,54534.41,104613.13,108714.23,61296.26,95481.55
1756460356.2721593,9.762268543243408,105481.63,54104.99,104385.14,109076.06,62100.38,97009.07
1756460356.2756057,9.765714883804321,105321.77,53929.57,104250.77,109206.95,62417.42,98182.0
1756460356.2800899,9.770199060440063,105591.87,54182.23,104362.88,109009.27,61978.34,97735.41
1756460356.2835011,9.773610353469849,106032.82,54623.73,104602.4,108664.07,61173.41,95866.98
1756460356.2879431,9.77805233001709,105914.54,54534.41,104608.57,108722.54,61305.38,95479.4
1756460356.2913551,9.781464338302612,105477.61,54102.3,104381.93,109081.96,62110.84,97017.92
1756460356.2958548,9.785964012145996,105322.58,53931.98,104247.01,109209.1,62417.15,98178.51
1756460356.299264,9.78937315940857,105594.55,54185.72,104354.57,109014.91,61976.2,97706.71
1756460356.3037477,9.793856859207153,106028.8,54622.92,104599.72,108667.02,61176.63,95843.65
1756460356.3071592,9.797268390655518,105905.15,54528.24,104610.45,108723.08,61312.08,95490.13
1756460356.3116405,9.80174970626831,105471.44,54097.21,104385.95,109079.81,62111.65,97038.3
1756460356.3161173,9.8062264919281,105321.5,53928.77,104249.96,109207.76,62415.54,98182.8
1756460356.3195295,9.809638738632202,105596.7,54188.14,104355.1,109010.61,61968.69,97693.3
1756460356.3240106,9.814119815826416,106033.09,54624.26,104598.92,108662.46,61167.24,95824.34
1756460356.3274307,9.817539930343628,105904.88,54524.48,104605.89,108723.08,61313.16,95487.99
1756460356.3319106,9.822019815444946,105469.56,54094.26,104378.44,109080.89,62115.67,97039.91
1756460356.3353283,9.825437545776367,105324.19,53934.93,104243.79,109206.15,62410.72,98177.71
1756460356.3398101,9.829919338226318,105594.55,54184.92,104353.76,109003.37,61957.96,97687.13
1756460356.3432271,9.833336353302002,106032.02,54619.97,104599.72,108661.39,61161.34,95818.97
1756460356.3477094,9.837818622589111,105902.74,54519.66,104599.45,108731.4,61317.72,95481.82
1756460356.3521945,9.84230375289917,105469.56,54093.72,104364.22,109087.86,62116.75,97020.33
1756460356.355608,9.845717191696167,105324.45,53934.67,104232.79,109204.54,62406.42,98151.69
1756460356.3600857,9.850194931030273,105601.79,54192.16,104345.45,109000.69,61952.06,97649.58
1756460356.363498,9.853607177734375,106035.78,54627.75,104590.6,108659.78,61156.25,95775.25
1756460356.3679802,9.858089447021484,105903.01,54525.02,104590.33,108733.0,61319.06,95463.58
1756460356.3713937,9.861502885818481,105467.42,54092.92,104363.15,109088.67,62122.65,97021.14
1756460356.3759274,9.866036653518677,105328.48,53936.01,104238.16,109207.76,62411.52,98146.33
1756460356.379346,9.869455099105835,105606.89,54196.45,104351.62,109004.98,61952.59,97627.85
1756460356.3838253,9.873934507369995,106038.46,54630.7,104597.31,108660.32,61155.98,95755.4
1756460356.3882966,9.878405809402466,105903.27,54523.41,104597.84,108731.66,61324.15,95468.14
1756460356.3917105,9.881819725036621,105473.05,54095.33,104374.95,109090.01,62131.5,97039.38
1756460356.396205,9.886314153671265,105342.16,53947.0,104252.91,109204.81,62412.06,98157.86
1756460356.3996158,9.889724969863892,105618.42,54205.57,104368.51,108997.74,61945.89,97634.83
1756460356.4040897,9.894198894500732,106044.36,54637.41,104613.13,108656.03,61151.15,95765.06
1756460356.4075005,9.89760971069336,105901.93,54520.19,104608.04,108735.15,61330.59,95494.43
1756460356.411944,9.902053117752075,105470.63,54089.97,104378.97,109092.15,62135.52,97062.98
1756460356.4153516,9.905460834503174,105340.55,53944.05,104249.16,109205.88,62407.5,98158.13
1756460356.4198344,9.909943580627441,105614.94,54202.89,104364.49,108997.74,61939.45,97620.88
1756460356.4243124,9.914421558380127,106042.75,54634.99,104614.74,108657.1,61148.2,95758.62
1756460356.4277298,9.917839050292969,105896.57,54515.37,104606.96,108737.56,61336.49,95506.23
1756460356.4322064,9.92231559753418,105470.1,54091.58,104380.85,109091.88,62140.89,97084.71
1756460356.4356186,9.925727844238281,105344.03,53947.81,104260.42,109202.12,62410.98,98182.54
1756460356.4400978,9.930207014083862,105626.2,54210.93,104379.78,108995.06,61940.52,97638.85
1756460356.4435174,9.933626651763916,106054.82,54641.43,104619.84,108660.59,61152.76,95758.09
1756460356.4479892,9.938098430633545,105898.45,54514.02,104603.21,108742.39,61344.81,95510.25
1756460356.4514098,9.941519021987915,105467.15,54085.14,104370.66,109098.59,62149.47,97081.49
1756460356.4558897,9.945998907089233,105338.94,53941.91,104250.77,109207.76,62416.62,98166.98
1756460356.460365,9.950474262237549,105626.47,54213.62,104373.61,108994.25,61938.65,97616.32
1756460356.4637797,9.953888893127441,106048.11,54638.21,104619.03,108654.42,61148.74,95746.02
1756460356.4682586,9.958367824554443,105886.64,54503.56,104608.57,108734.35,61348.29,95533.85
1756460356.4716756,9.961784839630127,105462.05,54082.99,104374.41,109090.01,62147.59,97114.21
1756460356.476206,9.966315269470215,105339.21,53946.47,104248.08,109197.3,62404.55,98178.24
1756460356.4796224,9.969731569290161,105625.13,54211.47,104365.56,108987.28,61925.5,97599.69
1756460356.484093,9.974202156066895,106048.92,54636.33,104611.79,108652.54,61143.1,95724.83
1756460356.487501,9.977610111236572,105887.72,54500.88,104594.36,108744.0,61356.07,95517.76
1756460356.4919431,9.982052326202393,105456.15,54073.61,104359.13,109099.13,62159.12,97103.48
1756460356.496418,9.98652720451355,105339.47,53943.52,104243.79,109202.39,62410.72,98168.32
1756460356.4998407,9.989949941635132,105631.83,54216.3,104367.17,108991.84,61928.45,97582.52
1756460356.504318,9.99442720413208,106053.21,54641.43,104612.06,108657.37,61147.4,95709.0
1756460356.507735,9.997844219207764,105889.86,54505.44,104596.23,108749.9,61365.19,95527.68
